merchant_id,merchant_name,merchant_category,country,risk_level,effective_from,effective_to
M1000,Nimbus Mart 0,ELECTRONICS,IN,LOW,2026-01-01,2026-03-31
M1000,Nimbus Mart 0,ELECTRONICS,IN,HIGH,2026-04-01,2026-06-30
M1000,Nimbus Mart 0,ELECTRONICS,IN,MEDIUM,2026-07-01,
M1001,ABC Traders 1,TRAVEL,IN,MEDIUM,2026-01-01,
M1002,Global Retail 2,RESTAURANT,IN,LOW,2026-01-01,
M1003,ABC Services 3,PHARMA,IN,LOW,2026-01-01,
M1004,Sunrise Retail 4,FUEL,IN,LOW,2026-01-01,2026-03-31
M1004,Sunrise Retail 4,FUEL,IN,HIGH,2026-04-01,2026-06-30
M1004,Sunrise Retail 4,FUEL,IN,MEDIUM,2026-07-01,
M1005,ABC Retail 5,ELECTRONICS,IN,MEDIUM,2026-01-01,
M1006,Shakti Services 6,RESTAURANT,IN,MEDIUM,2026-01-01,
M1007,Vertex Mart 7,APPAREL,IN,MEDIUM,2026-01-01,2026-08-31
M1007,Vertex Mart 7,APPAREL,IN,HIGH,2026-09-01,
M1008,Nimbus Services 8,RESTAURANT,IN,LOW,2026-01-01,2026-03-31
M1008,Nimbus Services 8,RESTAURANT,IN,HIGH,2026-04-01,2026-06-30
M1008,Nimbus Services 8,RESTAURANT,IN,MEDIUM,2026-07-01,
M1009,ABC Retail 9,FUEL,IN,LOW,2026-01-01,
M1010,Global Stores 10,PHARMA,IN,HIGH,2026-01-01,
M1011,Vertex Services 11,GROCERY,IN,LOW,2026-01-01,
M1012,Nimbus Traders 12,APPAREL,IN,LOW,2026-01-01,2026-03-31
M1012,Nimbus Traders 12,APPAREL,IN,HIGH,2026-04-01,2026-06-30
M1012,Nimbus Traders 12,APPAREL,IN,MEDIUM,2026-07-01,
M1013,Metro Retail 13,FUEL,IN,HIGH,2026-01-01,
M1014,Shakti Stores 14,FUEL,IN,MEDIUM,2026-01-01,2026-08-31
M1014,Shakti Stores 14,FUEL,IN,HIGH,2026-09-01,
M1015,Shakti Mart 15,PHARMA,IN,LOW,2026-01-01,
M1016,Nimbus Mart 16,RESTAURANT,IN,LOW,2026-01-01,2026-03-31
M1016,Nimbus Mart 16,RESTAURANT,IN,HIGH,2026-04-01,2026-06-30
M1016,Nimbus Mart 16,RESTAURANT,IN,MEDIUM,2026-07-01,
M1017,ABC Traders 17,PHARMA,IN,HIGH,2026-01-01,
M1018,ABC Traders 18,FUEL,IN,HIGH,2026-01-01,
M1019,Sunrise Services 19,ELECTRONICS,IN,LOW,2026-01-01,
M1020,Shakti Mart 20,GROCERY,IN,LOW,2026-01-01,2026-03-31
M1020,Shakti Mart 20,GROCERY,IN,HIGH,2026-04-01,2026-06-30
M1020,Shakti Mart 20,GROCERY,IN,MEDIUM,2026-07-01,
M1021,Shakti Mart 21,APPAREL,IN,MEDIUM,2026-01-01,2026-08-31
M1021,Shakti Mart 21,APPAREL,IN,HIGH,2026-09-01,
M1022,Sunrise Traders 22,TRAVEL,IN,HIGH,2026-01-01,
M1023,ABC Retail 23,GROCERY,IN,MEDIUM,2026-01-01,
M1024,Nimbus Retail 24,TRAVEL,IN,LOW,2026-01-01,2026-03-31
M1024,Nimbus Retail 24,TRAVEL,IN,HIGH,2026-04-01,2026-06-30
M1024,Nimbus Retail 24,TRAVEL,IN,MEDIUM,2026-07-01,
M1025,Shakti Retail 25,FUEL,IN,HIGH,2026-01-01,
M1026,Global Services 26,APPAREL,IN,HIGH,2026-01-01,
M1027,Nimbus Services 27,ELECTRONICS,IN,HIGH,2026-01-01,
M1028,Shakti Retail 28,ELECTRONICS,IN,LOW,2026-01-01,2026-03-31
M1028,Shakti Retail 28,ELECTRONICS,IN,HIGH,2026-04-01,2026-06-30
M1028,Shakti Retail 28,ELECTRONICS,IN,MEDIUM,2026-07-01,
M1029,ABC Traders 29,PHARMA,IN,LOW,2026-01-01,
