settlement_id,transaction_id,settlement_ts,settlement_amount,settlement_status,settlement_batch
S905176,T105502,2026-09-08 08:21:33,47842.55,SETTLED,B20260908-1
S905177,T105503,2026-09-08 15:37:56,42926.04,SETTLED,B20260908-5
S905178,T105504,2026-09-08 17:13:35,1137.94,SETTLED,B20260908-5
S905179,T105505,2026-09-08 15:59:56,227461.63,SETTLED,B20260908-4
S905180,T105506,2026-09-08 11:29:01,226021.13,SETTLED,B20260908-5
S905181,T105507,2026-09-09 09:27:04,18523.80,SETTLED,B20260909-2
S905182,T105508,2026-09-08 21:04:02,366415.72,SETTLED,B20260908-1
S905183,T105510,2026-09-08 17:51:06,2664.33,SETTLED,B20260908-5
S905184,T105511,2026-09-08 06:59:04,44709.90,SETTLED,B20260908-1
S905185,T105512,2026-09-08 15:48:09,208228.42,SETTLED,B20260908-3
S905186,T105513,2026-09-08 16:01:57,15653.80,SETTLED,B20260908-5
S905187,T105514,2026-09-08 15:35:23,56800.93,SETTLED,B20260908-2
S905188,T105515,2026-09-08 22:22:13,2733.12,SETTLED,B20260908-3
S905189,T105516,2026-09-08 16:45:18,2831.52,SETTLED,B20260908-4
S905190,T105517,2026-09-08 16:07:20,135365.28,SETTLED,B20260908-2
S905191,T105518,2026-09-08 15:58:07,85512.39,SETTLED,B20260908-2
S905192,T105519,2026-09-08 11:55:38,200077.46,SETTLED,B20260908-4
S905193,T105520,2026-09-08 22:29:01,1778.62,SETTLED,B20260908-3
S905194,T105521,2026-09-08 12:57:58,2400.41,SETTLED,B20260908-1
S905195,T105521,2026-09-08 13:02:58,600.10,SETTLED,B20260908-2
S905196,T105522,2026-09-08 09:00:21,37897.26,SETTLED,B20260908-2
S905197,T105523,2026-09-08 20:26:57,58868.79,SETTLED,B20260908-3
S905198,T105524,2026-09-08 20:50:11,28291.26,SETTLED,B20260908-5
S905199,T105525,2026-09-08 13:56:35,29072.77,SETTLED,B20260908-5
S905200,T105526,2026-09-08 14:02:42,47919.49,SETTLED,B20260908-1
S905201,T105527,2026-09-08 09:19:57,283178.73,SETTLED,B20260908-6
S905202,T105528,2026-09-08 10:06:42,342162.95,SETTLED,B20260908-4
S905203,T105529,2026-09-08 16:48:12,17427.14,SETTLED,B20260908-2
S905204,T105530,2026-09-08 09:15:53,1556.57,SETTLED,B20260908-3
S905205,T105532,2026-09-08 23:11:14,56903.18,SETTLED,B20260908-6
S905206,T105532,2026-09-08 23:20:14,14225.80,SETTLED,B20260908-3
S905207,T105533,2026-09-08 14:05:22,3134.90,SETTLED,B20260908-3
S905208,T105534,2026-09-08 06:48:05,305656.84,SETTLED,B20260908-1
S905209,T105535,2026-09-08 13:39:54,108113.47,SETTLED,B20260908-5
S905210,T105536,2026-09-08 10:01:37,26683.76,SETTLED,B20260908-1
S905211,T105537,2026-09-08 07:17:09,228223.76,SETTLED,B20260908-1
S905212,T105538,2026-09-08 16:46:08,3864.17,SETTLED,B20260908-5
S905213,T105539,2026-09-08 07:46:56,15017.65,SETTLED,B20260908-5
S905214,T105540,2026-09-08 07:26:05,98872.75,SETTLED,B20260908-3
S905215,T105541,2026-09-08 19:55:57,237.99,SETTLED,B20260908-4
S905216,T105542,2026-09-08 22:27:10,20476.33,SETTLED,B20260908-2
S905217,T105543,2026-09-08 11:03:22,1588.19,SETTLED,B20260908-3
S905218,T105544,2026-09-08 14:17:57,1150.12,SETTLED,B20260908-1
S905219,T105545,2026-09-08 19:14:19,253722.59,SETTLED,B20260908-1
S905220,T105546,2026-09-08 20:59:26,154343.34,SETTLED,B20260908-1
S905221,T105546,2026-09-08 21:04:26,38585.83,SETTLED,B20260908-6
S905222,T105547,2026-09-08 14:53:56,351261.60,SETTLED,B20260908-1
S905223,T105549,2026-09-08 21:05:48,1704.18,SETTLED,B20260908-1
S905224,T105551,2026-09-08 18:48:56,36106.48,SETTLED,B20260908-2
S905225,T105552,2026-09-08 16:11:32,378238.28,SETTLED,B20260908-6
S905226,T105553,2026-09-08 17:12:17,284579.45,SETTLED,B20260908-2
S905227,T105555,2026-09-08 07:31:47,48136.34,SETTLED,B20260908-5
S905228,T105556,2026-09-08 06:55:16,15768.56,SETTLED,B20260908-4
S905229,T105557,2026-09-08 20:17:35,3779.17,SETTLED,B20260908-4
S905230,T105558,2026-09-08 15:14:35,35032.93,SETTLED,B20260908-1
S905231,T105559,2026-09-09 07:00:10,2240.32,FAILED,B20260909-5
S905232,T105560,2026-09-08 20:04:44,460.55,SETTLED,B20260908-6
S905233,T105561,2026-09-08 21:08:03,23934.00,SETTLED,B20260908-2
S905234,T105563,2026-09-08 12:27:00,38368.21,SETTLED,B20260908-6
S905235,T105563,2026-09-08 12:30:00,9592.05,SETTLED,B20260908-1
S905236,T105564,2026-09-09 05:48:13,3650.46,SETTLED,B20260909-4
S905237,T105565,2026-09-08 10:22:18,3606.94,SETTLED,B20260908-6
S905238,T105567,2026-09-08 23:20:45,19307.49,SETTLED,B20260908-5
S905239,T105568,2026-09-08 06:52:02,993.29,SETTLED,B20260908-3
S905240,T105569,2026-09-08 13:17:56,213281.11,SETTLED,B20260908-2
S905241,T105570,2026-09-08 15:11:09,12562.10,SETTLED,B20260908-6
S905242,T105571,2026-09-08 14:27:52,3828.62,SETTLED,B20260908-3
S905243,T105572,2026-09-08 23:49:41,2093.56,SETTLED,B20260908-5
S905244,T105573,2026-09-08 13:56:58,12427.84,PENDING,B20260908-3
S905245,T105574,2026-09-08 07:39:19,46783.10,SETTLED,B20260908-5
S905246,T105574,2026-09-08 07:42:19,11695.77,SETTLED,B20260908-3
S905247,T105575,2026-09-08 13:01:54,48991.05,SETTLED,B20260908-1
S905248,T105576,2026-09-08 07:57:46,368827.21,SETTLED,B20260908-6
S905249,T105577,2026-09-08 11:57:07,233855.96,SETTLED,B20260908-4
S905250,T105578,2026-09-08 16:00:35,42006.41,SETTLED,B20260908-2
S905251,T105579,2026-09-08 15:55:28,21817.72,SETTLED,B20260908-2
S905252,T105580,2026-09-08 15:39:39,3311.51,SETTLED,B20260908-6
S905253,T105581,2026-09-08 06:49:23,49593.00,SETTLED,B20260908-1
S905254,T105582,2026-09-08 07:33:35,224608.58,SETTLED,B20260908-2
S905255,T105583,2026-09-08 21:45:30,2129.58,SETTLED,B20260908-3
S905256,T105583,2026-09-08 21:49:30,532.40,SETTLED,B20260908-1
S905257,T105584,2026-09-08 17:52:20,2753.18,SETTLED,B20260908-3
S905258,T105586,2026-09-08 13:37:38,26914.38,SETTLED,B20260908-5
S905259,T105587,2026-09-08 08:10:39,3548.51,SETTLED,B20260908-3
S905260,T105588,2026-09-08 08:32:36,56387.87,SETTLED,B20260908-2
S905261,T105589,2026-09-08 08:45:33,3986.81,SETTLED,B20260908-4
S905262,T105591,2026-09-08 21:23:38,53093.85,SETTLED,B20260908-3
S905263,T105592,2026-09-08 10:39:35,7641.54,SETTLED,B20260908-5
S905264,T105594,2026-09-08 20:38:01,2953.08,SETTLED,B20260908-5
S905265,T105595,2026-09-08 22:53:36,23899.98,SETTLED,B20260908-6
S905266,T105596,2026-09-08 11:14:27,3360.18,SETTLED,B20260908-6
S905267,T105597,2026-09-08 22:27:14,17537.66,SETTLED,B20260908-5
S905268,T105598,2026-09-08 11:36:50,389005.28,SETTLED,B20260908-6
S905269,T105599,2026-09-08 14:20:04,59835.44,SETTLED,B20260908-5
S905270,T105600,2026-09-08 12:44:04,107048.92,SETTLED,B20260908-5
S905271,T105601,2026-09-08 08:03:54,18869.46,SETTLED,B20260908-5
S905272,T105602,2026-09-08 21:35:13,9954.78,SETTLED,B20260908-5
S905273,T105603,2026-09-08 21:52:07,279820.69,SETTLED,B20260908-5
S905274,T105603,2026-09-08 22:04:07,69955.17,SETTLED,B20260908-5
S905275,T105605,2026-09-08 10:11:08,2498.50,SETTLED,B20260908-5
S905276,T105606,2026-09-08 19:46:54,2837.45,SETTLED,B20260908-6
S905277,T105607,2026-09-08 17:22:54,1557.35,SETTLED,B20260908-4
S905278,T105608,2026-09-08 13:04:04,3335.85,SETTLED,B20260908-4
S905279,T105609,2026-09-08 21:54:16,2450.33,SETTLED,B20260908-1
S905280,T105610,2026-09-08 20:47:03,31071.78,SETTLED,B20260908-3
S905281,T105612,2026-09-08 18:53:11,2770.70,SETTLED,B20260908-6
S905282,T105613,2026-09-08 06:40:28,43867.94,SETTLED,B20260908-2
S905283,T105614,2026-09-08 12:54:33,8389.37,SETTLED,B20260908-6
S905284,T105615,2026-09-08 15:19:58,500.80,SETTLED,B20260908-5
S905285,T105616,2026-09-08 19:54:54,182094.26,SETTLED,B20260908-6
S905286,T105617,2026-09-08 21:48:19,393041.03,SETTLED,B20260908-2
S905287,T105618,2026-09-08 16:18:25,334932.56,SETTLED,B20260908-6
S905288,T105619,2026-09-08 17:20:23,864.85,SETTLED,B20260908-6
S905289,T105620,2026-09-08 10:45:38,30451.42,SETTLED,B20260908-5
S905290,T105621,2026-09-08 11:38:19,87694.74,SETTLED,B20260908-5
S905291,T105622,2026-09-08 07:47:44,370673.96,SETTLED,B20260908-3
S905292,T105623,2026-09-08 21:31:30,2373.71,SETTLED,B20260908-5
S905293,T105625,2026-09-08 22:45:31,106488.30,SETTLED,B20260908-5
S905294,T105626,2026-09-08 17:05:16,252015.28,SETTLED,B20260908-5
S905295,T105627,2026-09-08 08:49:53,342746.70,SETTLED,B20260908-5
S905296,T105628,2026-09-08 13:49:20,9253.20,SETTLED,B20260908-2
S905297,T105629,2026-09-08 21:49:15,3615.26,SETTLED,B20260908-2
S905298,T105630,2026-09-08 20:22:33,1301.94,SETTLED,B20260908-6
S905299,T105631,2026-09-08 17:48:16,345470.95,SETTLED,B20260908-5
S905300,T105633,2026-09-08 08:44:11,3538.08,SETTLED,B20260908-6
S905301,T105634,2026-09-08 11:29:36,98006.11,SETTLED,B20260908-4
S905302,T105635,2026-09-08 06:35:00,13257.36,SETTLED,B20260908-3
S905303,T105636,2026-09-08 08:35:00,159114.56,SETTLED,B20260908-6
S905304,T105637,2026-09-08 13:56:11,873.18,SETTLED,B20260908-4
S905305,T105638,2026-09-08 12:52:18,11811.77,SETTLED,B20260908-6
S905306,T105639,2026-09-08 21:42:03,203909.91,SETTLED,B20260908-4
S905307,T105639,2026-09-08 21:42:03,50977.48,SETTLED,B20260908-1
S905308,T105640,2026-09-08 11:57:15,30167.18,SETTLED,B20260908-3
S905309,T105643,2026-09-08 22:10:44,393.08,SETTLED,B20260908-5
S905310,T105644,2026-09-08 21:31:44,3279.83,SETTLED,B20260908-5
S905311,T105645,2026-09-08 07:51:42,122651.26,SETTLED,B20260908-5
S905312,T105647,2026-09-08 07:08:46,14621.26,SETTLED,B20260908-2
S905313,T105647,2026-09-08 07:10:46,3655.32,SETTLED,B20260908-6
S905314,T105648,2026-09-08 08:57:07,676.49,SETTLED,B20260908-2
S905315,T105649,2026-09-08 21:14:25,10942.91,SETTLED,B20260908-1
S905316,T105650,2026-09-08 11:46:24,3906.71,SETTLED,B20260908-4
S905317,T105651,2026-09-08 10:46:00,456.69,PENDING,B20260908-2
S905318,T105652,2026-09-08 14:28:04,36907.51,SETTLED,B20260908-3
S905319,T105653,2026-09-08 22:48:31,238681.74,SETTLED,B20260908-4
S905320,T105653,2026-09-08 23:00:31,59670.44,SETTLED,B20260908-1
S905321,T105654,2026-09-08 15:28:05,66643.62,SETTLED,B20260908-1
S905322,T105655,2026-09-08 14:22:06,22112.89,SETTLED,B20260908-3
S905323,T105656,2026-09-08 19:54:14,46318.00,SETTLED,B20260908-5
S905324,T105657,2026-09-08 19:15:54,1657.34,SETTLED,B20260908-1
S905325,T105657,2026-09-08 19:26:54,414.33,SETTLED,B20260908-1
S905326,T105659,2026-09-08 18:28:01,28050.90,SETTLED,B20260908-3
S905327,T105661,2026-09-08 21:38:09,34138.81,SETTLED,B20260908-2
S905328,T105662,2026-09-08 07:34:11,8221.76,SETTLED,B20260908-3
S905329,T105663,2026-09-08 09:00:30,1416.75,SETTLED,B20260908-5
S905330,T105665,2026-09-08 15:59:08,46894.25,SETTLED,B20260908-3
S905331,T105666,2026-09-08 09:29:03,109120.53,SETTLED,B20260908-2
S905332,T105667,2026-09-08 15:59:44,103740.56,SETTLED,B20260908-3
S905333,T105668,2026-09-08 10:30:36,3737.28,SETTLED,B20260908-3
S905334,T105669,2026-09-08 21:27:31,33655.83,SETTLED,B20260908-4
S905335,T105670,2026-09-08 19:21:01,3086.86,SETTLED,B20260908-1
S905336,T105671,2026-09-08 19:12:10,19998.11,SETTLED,B20260908-4
S905337,T105672,2026-09-08 07:07:03,381920.31,SETTLED,B20260908-3
S905338,T105673,2026-09-08 12:41:31,15454.68,SETTLED,B20260908-6
S905339,T105674,2026-09-08 22:33:19,195813.07,SETTLED,B20260908-3
S905340,T105675,2026-09-08 20:14:58,13611.11,PENDING,B20260908-5
S905341,T105676,2026-09-08 19:28:07,56860.55,SETTLED,B20260908-1
S905342,T105678,2026-09-08 13:10:49,9637.95,SETTLED,B20260908-3
S905343,T105679,2026-09-08 09:59:23,2730.00,SETTLED,B20260908-4
S905344,T105681,2026-09-08 09:23:27,387781.02,SETTLED,B20260908-5
S905345,T105682,2026-09-08 21:23:10,111211.32,SETTLED,B20260908-1
S905346,T105683,2026-09-08 09:08:38,15926.88,SETTLED,B20260908-2
S905347,T105683,2026-09-08 09:10:38,3981.72,SETTLED,B20260908-2
S905348,T105684,2026-09-08 22:48:55,1892.09,SETTLED,B20260908-4
S905349,T105685,2026-09-08 15:44:45,3540.12,SETTLED,B20260908-2
S905350,T105686,2026-09-08 21:19:06,289885.75,SETTLED,B20260908-1
S905351,T105687,2026-09-08 17:31:14,793.03,SETTLED,B20260908-6
S905352,T105688,2026-09-08 13:26:24,25337.08,SETTLED,B20260908-2
S905353,T105689,2026-09-08 15:21:51,222647.33,SETTLED,B20260908-4
S905354,T105690,2026-09-08 14:59:19,5125.43,SETTLED,B20260908-2
S905355,T105691,2026-09-08 06:55:38,61284.70,SETTLED,B20260908-1
S905356,T105692,2026-09-08 20:47:47,233679.80,SETTLED,B20260908-5
S905357,T105693,2026-09-08 08:41:04,46933.46,SETTLED,B20260908-6
S905358,T105694,2026-09-08 15:31:00,272660.84,SETTLED,B20260908-4
S905359,T105695,2026-09-08 10:03:39,1492.71,SETTLED,B20260908-3
S905360,T105696,2026-09-08 17:36:25,150183.32,FAILED,B20260908-5
S905361,T105697,2026-09-08 13:12:13,578.05,SETTLED,B20260908-3
S905362,T105698,2026-09-08 17:20:45,2719.91,SETTLED,B20260908-3
S905363,T105699,2026-09-08 07:56:23,2400.95,SETTLED,B20260908-3
S905364,T105700,2026-09-08 16:52:38,73334.84,SETTLED,B20260908-4
S905365,T105701,2026-09-08 07:58:23,2976.21,SETTLED,B20260908-1
S905366,T105702,2026-09-08 16:02:30,10529.80,SETTLED,B20260908-5
S905367,T105704,2026-09-08 13:15:33,3081.19,SETTLED,B20260908-3
S905368,T105705,2026-09-08 13:06:15,343318.35,SETTLED,B20260908-3
S905369,T105706,2026-09-08 14:17:12,1555.48,SETTLED,B20260908-5
S905370,T105708,2026-09-08 17:07:33,1809.20,SETTLED,B20260908-1
S905371,T105709,2026-09-08 09:10:55,2778.78,SETTLED,B20260908-2
S905372,T105712,2026-09-08 17:42:57,375568.09,SETTLED,B20260908-1
S905373,T105713,2026-09-08 07:24:48,396603.15,SETTLED,B20260908-3
S905374,T105714,2026-09-08 13:17:40,178591.29,SETTLED,B20260908-2
S905375,T105715,2026-09-08 13:14:47,3455.63,SETTLED,B20260908-3
S905376,T105716,2026-09-08 21:32:34,31647.60,PENDING,B20260908-2
S905377,T105717,2026-09-08 13:35:13,56294.15,SETTLED,B20260908-5
S905378,T105718,2026-09-08 09:24:28,2910.48,SETTLED,B20260908-2
S905379,T105719,2026-09-08 17:55:37,727.37,SETTLED,B20260908-4
S905380,T105721,2026-09-08 12:35:59,3285.11,SETTLED,B20260908-5
S905381,T105722,2026-09-08 12:50:18,2619.80,SETTLED,B20260908-2
S905382,T105723,2026-09-08 15:53:37,40199.74,SETTLED,B20260908-5
S905383,T105725,2026-09-08 11:49:50,2233.66,SETTLED,B20260908-5
S905384,T105726,2026-09-08 09:32:09,3609.64,SETTLED,B20260908-5
S905385,T105727,2026-09-08 08:46:39,6499.33,SETTLED,B20260908-3
S905386,T105728,2026-09-08 09:25:46,113774.90,SETTLED,B20260908-4
S905387,T105729,2026-09-08 06:40:41,2349.13,SETTLED,B20260908-3
S905388,T105731,2026-09-08 21:07:34,3897.11,SETTLED,B20260908-1
S905389,T105732,2026-09-08 16:08:34,8307.30,SETTLED,B20260908-4
S905390,T105734,2026-09-08 17:09:55,6636.65,SETTLED,B20260908-1
S905391,T105736,2026-09-08 19:14:55,29233.74,SETTLED,B20260908-6
S905392,T105736,2026-09-08 19:25:55,7308.44,SETTLED,B20260908-4
S905393,T105737,2026-09-08 12:08:53,353735.61,SETTLED,B20260908-4
S905394,T105738,2026-09-08 10:40:52,9670.36,SETTLED,B20260908-4
S905395,T105739,2026-09-08 16:01:48,42629.29,SETTLED,B20260908-6
S905396,T105740,2026-09-08 18:12:37,290901.53,SETTLED,B20260908-6
S905397,T105741,2026-09-08 11:08:42,28959.54,SETTLED,B20260908-2
S905398,T105742,2026-09-08 18:33:36,268748.44,SETTLED,B20260908-6
S905399,T105743,2026-09-08 11:37:40,3278.20,SETTLED,B20260908-2
S905400,T105744,2026-09-08 22:24:24,1037.12,SETTLED,B20260908-4
S905401,T105745,2026-09-08 09:33:44,39688.39,SETTLED,B20260908-5
S905402,T105746,2026-09-08 07:51:38,3688.29,SETTLED,B20260908-4
S905403,T105748,2026-09-08 13:04:44,3879.65,SETTLED,B20260908-6
S905404,T105749,2026-09-08 22:33:42,302620.58,SETTLED,B20260908-4
S905405,T105749,2026-09-08 22:41:42,75655.15,SETTLED,B20260908-3
S905406,T105750,2026-09-08 09:50:17,2688.47,SETTLED,B20260908-3
S905407,T105751,2026-09-08 11:52:29,341974.50,SETTLED,B20260908-5
S905408,T105752,2026-09-08 20:07:59,411.85,SETTLED,B20260908-1
S905409,T105753,2026-09-08 08:23:44,11464.73,SETTLED,B20260908-2
S905410,T105754,2026-09-08 12:10:58,22324.43,SETTLED,B20260908-6
S905411,T105755,2026-09-08 21:32:14,48964.85,SETTLED,B20260908-6
S905412,T105756,2026-09-08 09:32:32,3200.13,SETTLED,B20260908-1
S905413,T105757,2026-09-08 11:07:55,1359.65,SETTLED,B20260908-2
S905414,T105757,2026-09-08 11:13:55,339.91,SETTLED,B20260908-4
S905415,T105758,2026-09-08 15:10:38,2846.14,SETTLED,B20260908-4
S905416,T105759,2026-09-08 18:43:41,3378.24,PENDING,B20260908-4
S905417,T105760,2026-09-08 15:30:02,12018.04,SETTLED,B20260908-3
S905418,T105761,2026-09-08 10:20:51,51290.59,SETTLED,B20260908-1
S905419,T105762,2026-09-08 11:12:28,-74511.36,SETTLED,B20260908-5
S905420,T105763,2026-09-08 20:58:33,2767.15,SETTLED,B20260908-2
S905421,T105764,2026-09-08 15:23:21,155151.88,SETTLED,B20260908-5
S905422,T105765,2026-09-08 20:22:45,12540.62,SETTLED,B20260908-1
S905423,T105766,2026-09-08 23:12:26,60082.38,SETTLED,B20260908-5
S905424,T105767,2026-09-08 10:30:46,93929.99,SETTLED,B20260908-2
S905425,T105768,2026-09-08 19:23:43,90895.17,SETTLED,B20260908-3
S905426,T105769,2026-09-08 13:46:49,3560.32,SETTLED,B20260908-5
S905427,T105770,2026-09-08 20:12:06,208181.90,SETTLED,B20260908-2
S905428,T105771,2026-09-08 11:32:47,3155.98,SETTLED,B20260908-4
S905429,T105772,2026-09-08 12:19:05,48810.96,SETTLED,B20260908-3
S905430,T105773,2026-09-08 21:15:16,19175.16,SETTLED,B20260908-2
S905431,T105774,2026-09-08 20:32:35,63869.43,SETTLED,B20260908-5
S905432,T105774,2026-09-08 20:43:35,15967.36,SETTLED,B20260908-4
S905433,T105775,2026-09-08 11:09:20,384662.67,SETTLED,B20260908-2
S905434,T105776,2026-09-08 20:05:32,12825.39,SETTLED,B20260908-3
S905435,T105777,2026-09-08 12:32:24,3281.32,SETTLED,B20260908-6
S905436,T105778,2026-09-08 23:21:28,309112.21,SETTLED,B20260908-5
S905437,T105779,2026-09-08 21:59:40,43874.88,SETTLED,B20260908-1
S905438,T105780,2026-09-08 17:27:08,302813.35,SETTLED,B20260908-2
S905439,T105781,2026-09-08 18:37:29,164218.01,SETTLED,B20260908-5
S905440,T105782,2026-09-08 14:27:58,1506.86,SETTLED,B20260908-6
S905441,T105783,2026-09-08 11:58:38,310639.81,SETTLED,B20260908-6
S905442,T105784,2026-09-08 15:52:43,231.44,SETTLED,B20260908-3
S905443,T105785,2026-09-08 18:34:26,80338.90,SETTLED,B20260908-2
S905444,T105786,2026-09-08 13:39:16,9949.63,SETTLED,B20260908-6
S905445,T105787,2026-09-08 20:10:03,212614.01,SETTLED,B20260908-3
S905446,T105789,2026-09-08 16:03:11,312258.33,SETTLED,B20260908-2
S905447,T105790,2026-09-08 11:20:33,255492.82,SETTLED,B20260908-2
S905448,T105791,2026-09-08 11:49:27,13226.34,SETTLED,B20260908-1
S905449,T105791,2026-09-08 11:57:27,3306.59,PENDING,B20260908-1
S905450,T105792,2026-09-08 20:39:45,349221.81,SETTLED,B20260908-2
S905451,T105793,2026-09-08 18:00:45,327.13,SETTLED,B20260908-1
S905452,T105794,2026-09-08 09:15:18,3153.54,SETTLED,B20260908-4
S905453,T105795,2026-09-08 16:29:49,28336.26,SETTLED,B20260908-3
S905454,T105797,2026-09-08 16:33:23,134938.01,SETTLED,B20260908-6
S905455,T105798,2026-09-08 19:01:07,34705.06,SETTLED,B20260908-5
S905456,T105799,2026-09-08 09:30:53,123607.92,SETTLED,B20260908-5
S905457,T105800,2026-09-08 16:16:28,384939.02,SETTLED,B20260908-4
S905458,T105801,2026-09-08 21:39:05,2195.81,SETTLED,B20260908-3
S905459,T105803,2026-09-08 06:20:37,11122.26,SETTLED,B20260908-4
S905460,T105804,2026-09-08 22:42:27,532.58,SETTLED,B20260908-4
S905461,T105804,2026-09-08 22:53:27,133.15,SETTLED,B20260908-1
S905462,T105805,2026-09-08 08:51:48,100292.51,SETTLED,B20260908-6
S905463,T105806,2026-09-08 14:55:33,736.92,SETTLED,B20260908-5
S905464,T105806,2026-09-08 15:02:33,184.23,SETTLED,B20260908-1
S905465,T105807,2026-09-08 21:00:32,193955.34,SETTLED,B20260908-1
S905466,T105808,2026-09-08 22:58:17,256.37,SETTLED,B20260908-6
S905467,T105809,2026-09-08 08:33:55,196437.80,SETTLED,B20260908-3
S905468,T105811,2026-09-08 13:10:44,56714.66,SETTLED,B20260908-3
S905469,T105812,2026-09-08 11:07:24,41373.77,SETTLED,B20260908-3
S905470,T105813,2026-09-08 07:05:42,3380.67,SETTLED,B20260908-6
S905471,T105814,2026-09-08 12:55:43,1095.29,SETTLED,B20260908-4
S905472,T105815,2026-09-08 07:14:27,32433.73,SETTLED,B20260908-5
S905473,T105816,2026-09-08 17:12:20,31852.68,SETTLED,B20260908-6
S905474,T105817,2026-09-08 21:28:06,13410.05,SETTLED,B20260908-6
S905475,T105818,2026-09-08 06:39:27,190441.94,SETTLED,B20260908-2
S905476,T105819,2026-09-08 22:09:44,50982.52,PENDING,B20260908-5
S905477,T105820,2026-09-08 20:28:47,277.77,SETTLED,B20260908-4
S905478,T105821,2026-09-08 19:33:30,188839.02,SETTLED,B20260908-2
S905479,T105822,2026-09-08 13:10:58,50183.79,SETTLED,B20260908-3
S905480,T105824,2026-09-08 21:25:27,24265.13,SETTLED,B20260908-6
S905481,T105825,2026-09-08 13:44:10,3543.57,PENDING,B20260908-5
S905482,T105826,2026-09-08 21:36:53,240901.28,SETTLED,B20260908-6
S905483,T105829,2026-09-08 08:02:43,1921.21,SETTLED,B20260908-2
S905484,T105830,2026-09-08 09:24:57,298180.61,SETTLED,B20260908-1
S905485,T105831,2026-09-08 21:50:07,271295.78,SETTLED,B20260908-6
S905486,T105832,2026-09-08 13:04:55,388031.04,SETTLED,B20260908-5
S905487,T105833,2026-09-08 17:24:27,203748.97,SETTLED,B20260908-6
S905488,T105834,2026-09-08 13:10:54,198809.23,SETTLED,B20260908-1
S905489,T105835,2026-09-08 08:18:05,355673.57,PENDING,B20260908-4
S905490,T105836,2026-09-08 10:42:59,340579.10,SETTLED,B20260908-5
S905491,T105837,2026-09-08 20:37:22,105261.80,SETTLED,B20260908-1
S905492,T105838,2026-09-08 15:18:08,225481.79,SETTLED,B20260908-3
S905493,T105839,2026-09-08 08:08:18,13821.59,SETTLED,B20260908-4
S905494,T105841,2026-09-08 07:36:38,334207.87,SETTLED,B20260908-2
S905495,T105842,2026-09-08 11:25:42,177710.48,SETTLED,B20260908-2
S905496,T105843,2026-09-08 12:02:29,32178.31,SETTLED,B20260908-6
S905497,T105846,2026-09-08 10:27:14,739.87,SETTLED,B20260908-3
S905498,T105847,2026-09-08 18:30:55,55115.51,SETTLED,B20260908-5
S905499,T105848,2026-09-08 22:44:34,48023.51,SETTLED,B20260908-4
S905500,T105849,2026-09-08 22:45:28,39071.85,SETTLED,B20260908-5
S905501,T105850,2026-09-08 06:42:26,197662.42,SETTLED,B20260908-6
S905502,T105851,2026-09-08 17:08:36,302070.92,SETTLED,B20260908-1
S905503,T105852,2026-09-08 09:31:17,2310.52,SETTLED,B20260908-2
S905504,T105853,2026-09-08 19:14:56,34998.23,SETTLED,B20260908-1
S905505,T105856,2026-09-08 14:26:06,36672.64,SETTLED,B20260908-5
S905506,T105856,2026-09-08 14:33:06,9168.16,SETTLED,B20260908-5
S905507,T105857,2026-09-08 23:14:30,94927.00,SETTLED,B20260908-4
S905508,T105858,2026-09-09 00:37:18,36414.78,PENDING,B20260909-6
S905509,T105858,2026-09-09 00:47:18,9103.69,SETTLED,B20260909-1
S905510,T105859,2026-09-08 16:24:03,2992.46,SETTLED,B20260908-1
S905511,T105860,2026-09-08 08:43:50,3588.97,SETTLED,B20260908-5
S905512,T105861,2026-09-08 08:36:55,3302.76,SETTLED,B20260908-3
S905513,T105863,2026-09-08 07:08:48,384512.96,SETTLED,B20260908-3
S905514,T105864,2026-09-08 12:51:10,801.30,SETTLED,B20260908-1
S905515,T105865,2026-09-08 20:41:04,25805.23,SETTLED,B20260908-2
S905516,T105866,2026-09-08 21:45:12,237961.52,SETTLED,B20260908-1
S905517,T105867,2026-09-08 14:32:39,26483.04,SETTLED,B20260908-5
S905518,T105867,2026-09-08 14:43:39,6620.76,SETTLED,B20260908-6
S905519,T105868,2026-09-08 07:37:02,236.60,SETTLED,B20260908-5
S905520,T105869,2026-09-08 09:35:01,37462.76,SETTLED,B20260908-5
S905521,T105870,2026-09-08 08:05:54,260906.13,SETTLED,B20260908-5
S905522,T105871,2026-09-08 18:06:45,19976.76,SETTLED,B20260908-2
S905523,T105872,2026-09-08 20:08:28,1200.20,SETTLED,B20260908-2
S905524,T105873,2026-09-08 11:14:27,1044.66,SETTLED,B20260908-3
S905525,T105873,2026-09-08 11:23:27,261.16,SETTLED,B20260908-1
S905526,T105874,2026-09-08 09:38:55,4428.85,SETTLED,B20260908-1
S905527,T105875,2026-09-08 15:40:09,345267.30,SETTLED,B20260908-6
S905528,T105876,2026-09-09 01:15:26,663.92,SETTLED,B20260909-6
S905529,T105876,2026-09-09 01:21:26,165.98,SETTLED,B20260909-5
S905530,T105877,2026-09-08 19:07:38,3633.09,SETTLED,B20260908-2
S905531,T105878,2026-09-08 12:06:19,16976.78,SETTLED,B20260908-6
S905532,T105878,2026-09-08 12:14:19,4244.20,SETTLED,B20260908-5
S905533,T105879,2026-09-08 19:48:14,872.39,SETTLED,B20260908-5
S905534,T105880,2026-09-08 20:20:22,2945.16,SETTLED,B20260908-2
S905535,T105881,2026-09-08 11:04:22,44096.14,SETTLED,B20260908-4
S905536,T105881,2026-09-08 11:12:22,11024.04,SETTLED,B20260908-4
S905537,T105882,2026-09-08 19:42:54,45307.56,SETTLED,B20260908-2
S905538,T105883,2026-09-08 22:02:35,228527.59,SETTLED,B20260908-2
S905539,T105884,2026-09-08 21:26:34,2985.38,SETTLED,B20260908-3
S905540,T105885,2026-09-08 17:39:59,3434.05,SETTLED,B20260908-3
S905541,T105886,2026-09-08 18:17:01,15297.77,SETTLED,B20260908-1
S905542,T105888,2026-09-08 22:08:55,1650.86,SETTLED,B20260908-3
S905543,T105890,2026-09-08 17:32:10,1657.94,SETTLED,B20260908-5
S905544,T105891,2026-09-08 21:23:07,1949.24,SETTLED,B20260908-5
S905545,T105892,2026-09-08 11:36:00,40658.00,SETTLED,B20260908-5
S905546,T105893,2026-09-08 07:24:09,166290.21,SETTLED,B20260908-6
S905547,T105893,2026-09-08 07:31:09,41572.55,SETTLED,B20260908-1
S905548,T105895,2026-09-08 08:52:16,55697.79,SETTLED,B20260908-2
S905549,T105896,2026-09-08 19:32:44,260.60,SETTLED,B20260908-6
S905550,T105897,2026-09-08 20:03:39,32452.10,SETTLED,B20260908-4
S905551,T105898,2026-09-08 18:10:19,3210.71,SETTLED,B20260908-2
S905552,T105901,2026-09-08 13:57:32,129318.17,PENDING,B20260908-4
S905553,T105902,2026-09-08 13:51:37,3367.72,SETTLED,B20260908-5
S905554,T105903,2026-09-08 13:05:43,2811.80,SETTLED,B20260908-1
S905555,T105904,2026-09-08 13:21:42,38861.58,SETTLED,B20260908-5
S905556,T105904,2026-09-08 13:33:42,9715.39,SETTLED,B20260908-1
S905557,T105905,2026-09-08 11:33:26,294478.38,SETTLED,B20260908-3
S905558,T105906,2026-09-08 11:59:34,67635.74,SETTLED,B20260908-2
S905559,T105907,2026-09-08 22:53:19,217214.65,SETTLED,B20260908-2
S905560,T105910,2026-09-08 18:50:56,240458.57,SETTLED,B20260908-2
S905561,T105910,2026-09-08 18:55:56,60114.64,SETTLED,B20260908-3
S905562,T105911,2026-09-08 07:11:05,281278.84,SETTLED,B20260908-5
S905563,T105913,2026-09-08 14:26:02,59958.63,SETTLED,B20260908-1
S905564,T105915,2026-09-08 07:00:48,3310.95,SETTLED,B20260908-1
S905565,T105916,2026-09-08 18:11:11,2609.43,SETTLED,B20260908-5
S905566,T105917,2026-09-08 22:23:11,2221.54,SETTLED,B20260908-4
S905567,T105920,2026-09-08 16:55:17,2821.66,SETTLED,B20260908-4
S905568,T105921,2026-09-09 00:33:07,8970.05,SETTLED,B20260909-2
S905569,T105922,2026-09-08 21:30:40,3591.96,SETTLED,B20260908-3
S905570,T105923,2026-09-08 20:50:35,53363.90,SETTLED,B20260908-3
S905571,T105923,2026-09-08 20:58:35,13340.98,SETTLED,B20260908-1
S905572,T105925,2026-09-08 13:01:08,2776.35,SETTLED,B20260908-6
S905573,T105926,2026-09-08 14:31:10,99775.41,SETTLED,B20260908-4
S905574,T105928,2026-09-08 12:30:20,632.73,SETTLED,B20260908-2
S905575,T105929,2026-09-08 09:27:53,59085.08,SETTLED,B20260908-4
S905576,T105930,2026-09-08 11:21:00,389711.04,PENDING,B20260908-5
S905577,T105931,2026-09-08 07:03:12,840.43,SETTLED,B20260908-6
S905578,T105932,2026-09-08 17:40:12,2921.47,SETTLED,B20260908-3
S905579,T105933,2026-09-08 21:58:23,60081.44,SETTLED,B20260908-3
S905580,T105934,2026-09-08 09:45:34,651.20,SETTLED,B20260908-5
S905581,T105935,2026-09-08 09:12:15,-29764.78,SETTLED,B20260908-5
S905582,T105935,2026-09-08 09:17:15,7441.20,SETTLED,B20260908-5
S905583,T105937,2026-09-08 08:12:29,284127.03,SETTLED,B20260908-5
S905584,T105938,2026-09-08 08:58:10,2277.72,SETTLED,B20260908-4
S905585,T105939,2026-09-08 19:51:26,62762.46,SETTLED,B20260908-1
S905586,T105940,2026-09-08 18:41:07,12483.43,SETTLED,B20260908-2
S905587,T105940,2026-09-08 18:46:07,3120.86,SETTLED,B20260908-1
S905588,T105941,2026-09-08 12:00:07,3883.46,PENDING,B20260908-1
S905589,T105942,2026-09-08 18:36:43,1698.38,SETTLED,B20260908-4
S905590,T105943,2026-09-08 18:20:51,48122.66,SETTLED,B20260908-6
S905591,T105945,2026-09-08 17:07:04,34477.73,SETTLED,B20260908-6
S905592,T105946,2026-09-08 07:07:42,277.72,SETTLED,B20260908-4
S905593,T105947,2026-09-08 09:16:47,170620.11,SETTLED,B20260908-1
S905594,T105949,2026-09-08 13:47:49,11152.84,SETTLED,B20260908-1
S905595,T105950,2026-09-09 16:03:59,3567.36,SETTLED,B20260909-3
S905596,T105951,2026-09-08 11:52:16,1859.39,SETTLED,B20260908-4
S905597,T105952,2026-09-08 22:10:58,16331.23,FAILED,B20260908-2
S905598,T105953,2026-09-08 13:20:11,41951.02,SETTLED,B20260908-3
S905599,T105954,2026-09-08 19:53:27,376516.04,SETTLED,B20260908-6
S905600,T105955,2026-09-08 16:08:26,2612.04,SETTLED,B20260908-6
S905601,T105956,2026-09-08 23:13:50,31642.95,SETTLED,B20260908-3
S905602,T105957,2026-09-08 14:54:52,33937.89,SETTLED,B20260908-1
S905603,T105959,2026-09-08 14:54:48,3356.88,SETTLED,B20260908-2
S905604,T105960,2026-09-08 21:20:20,2449.03,SETTLED,B20260908-2
S905605,T105961,2026-09-08 11:54:03,182269.70,SETTLED,B20260908-6
S905606,T105962,2026-09-08 23:08:43,356628.94,SETTLED,B20260908-4
S905607,T105964,2026-09-08 14:48:31,338362.32,SETTLED,B20260908-1
S905608,T105965,2026-09-08 18:57:41,28446.42,SETTLED,B20260908-1
S905609,T105967,2026-09-08 17:27:54,693.51,SETTLED,B20260908-5
S905610,T105968,2026-09-08 15:08:01,3747.24,SETTLED,B20260908-6
S905611,T105969,2026-09-08 17:39:09,445.39,SETTLED,B20260908-3
S905612,T105970,2026-09-08 19:48:13,168.02,SETTLED,B20260908-2
S905613,T105970,2026-09-08 19:48:13,42.01,SETTLED,B20260908-1
S905614,T105971,2026-09-08 12:28:01,218886.92,SETTLED,B20260908-6
S905615,T105972,2026-09-08 09:29:50,1332.44,SETTLED,B20260908-2
S905616,T105973,2026-09-08 12:59:54,34384.00,SETTLED,B20260908-4
S905617,T105974,2026-09-08 22:03:22,272822.59,SETTLED,B20260908-5
S905618,T105976,2026-09-08 11:22:54,345895.41,SETTLED,B20260908-5
S905619,T105977,2026-09-08 22:53:06,232634.47,SETTLED,B20260908-5
S905620,T105978,2026-09-08 14:05:36,3553.79,SETTLED,B20260908-2
S905621,T105979,2026-09-08 19:38:16,260610.11,SETTLED,B20260908-1
S905622,T105980,2026-09-08 13:17:47,3575.02,SETTLED,B20260908-6
S905623,T105981,2026-09-08 20:23:35,17570.34,SETTLED,B20260908-5
S905624,T105982,2026-09-08 14:24:36,230681.66,SETTLED,B20260908-3
S905625,T105983,2026-09-08 20:16:39,2329.27,SETTLED,B20260908-4
S905626,T105984,2026-09-08 14:23:45,1334.60,SETTLED,B20260908-1
S905627,T105985,2026-09-08 14:05:04,2943.54,PENDING,B20260908-5
S905628,T105986,2026-09-08 07:26:53,3383.66,SETTLED,B20260908-3
S905629,T105987,2026-09-08 19:18:46,34050.39,SETTLED,B20260908-6
S905630,T105987,2026-09-08 19:22:46,8512.60,SETTLED,B20260908-4
S905631,T105988,2026-09-08 17:55:37,1248.55,SETTLED,B20260908-1
S905632,T105989,2026-09-08 20:42:17,59848.30,SETTLED,B20260908-1
S905633,T105990,2026-09-08 12:29:19,2110.45,SETTLED,B20260908-4
S905634,T105991,2026-09-08 19:57:00,1391.76,SETTLED,B20260908-4
S905635,T105992,2026-09-08 12:38:17,53230.66,SETTLED,B20260908-3
S905636,T105993,2026-09-08 16:26:52,81379.97,SETTLED,B20260908-2
S905637,T105994,2026-09-08 07:00:30,39415.77,SETTLED,B20260908-1
S905638,T105995,2026-09-08 11:14:53,13138.90,SETTLED,B20260908-3
S905639,T105996,2026-09-08 10:00:07,248.54,SETTLED,B20260908-4
S905640,T105997,2026-09-08 18:04:19,243051.18,SETTLED,B20260908-3
S905641,T105998,2026-09-09 09:19:49,528.83,SETTLED,B20260909-2
S905642,T105999,2026-09-08 18:02:08,224108.65,SETTLED,B20260908-4
S905643,T106000,2026-09-08 07:50:12,217469.63,SETTLED,B20260908-4
S905644,T106001,2026-09-08 12:28:52,17065.47,SETTLED,B20260908-4
S905645,T106002,2026-09-08 19:38:37,575.82,SETTLED,B20260908-1
S905646,T106003,2026-09-08 09:53:17,11736.28,SETTLED,B20260908-5
S905647,T106004,2026-09-08 17:21:44,183249.14,FAILED,B20260908-2
S905648,T106005,2026-09-08 21:58:39,3036.17,SETTLED,B20260908-1
S905649,T106006,2026-09-08 10:37:04,2384.93,SETTLED,B20260908-1
S905650,T106007,2026-09-08 18:09:48,27737.49,SETTLED,B20260908-5
S905651,T106008,2026-09-08 19:50:20,295979.82,SETTLED,B20260908-6
S905652,T106008,2026-09-08 19:59:20,73994.95,SETTLED,B20260908-6
S905653,T106009,2026-09-08 07:45:23,27738.96,SETTLED,B20260908-3
S905654,T106009,2026-09-08 07:49:23,6934.74,SETTLED,B20260908-4
S905655,T106010,2026-09-08 08:50:22,51557.76,SETTLED,B20260908-5
S905656,T106012,2026-09-08 07:00:04,58466.27,SETTLED,B20260908-4
S905657,T106013,2026-09-08 13:02:41,4608.20,SETTLED,B20260908-6
S905658,T106014,2026-09-08 16:05:58,247739.14,SETTLED,B20260908-5
S905659,T106014,2026-09-08 16:16:58,61934.79,SETTLED,B20260908-1
S905660,T106015,2026-09-08 12:12:41,290173.45,SETTLED,B20260908-2
S905661,T106016,2026-09-08 07:53:07,63118.29,SETTLED,B20260908-3
S905662,T106017,2026-09-08 20:32:51,11257.47,SETTLED,B20260908-1
S905663,T106019,2026-09-08 07:29:34,2113.12,SETTLED,B20260908-3
S905664,T106020,2026-09-08 18:09:34,2181.68,SETTLED,B20260908-4
S905665,T106021,2026-09-08 18:19:40,298663.69,SETTLED,B20260908-4
S905666,T106022,2026-09-08 14:05:40,275920.76,SETTLED,B20260908-6
S905667,T106024,2026-09-08 08:17:21,853.04,SETTLED,B20260908-4
S905668,T106025,2026-09-08 18:29:08,297828.53,SETTLED,B20260908-2
S905669,T106025,2026-09-08 18:36:08,74457.13,SETTLED,B20260908-6
S905670,T106026,2026-09-08 18:19:22,17280.83,SETTLED,B20260908-2
S905671,T106027,2026-09-08 11:13:44,262881.12,SETTLED,B20260908-2
S905672,T106028,2026-09-08 06:26:19,20214.20,SETTLED,B20260908-6
S905673,T106029,2026-09-08 14:11:15,72863.79,SETTLED,B20260908-3
S905674,T106030,2026-09-08 22:14:54,391147.32,SETTLED,B20260908-6
S905675,T106031,2026-09-08 16:33:26,30555.15,SETTLED,B20260908-4
S905676,T106032,2026-09-08 21:16:34,343747.53,SETTLED,B20260908-1
S905677,T106033,2026-09-08 11:45:15,1392.74,SETTLED,B20260908-5
S905678,T106035,2026-09-08 21:26:10,342431.44,SETTLED,B20260908-4
S905679,T106037,2026-09-08 22:45:05,51260.34,SETTLED,B20260908-2
S905680,T106038,2026-09-08 12:33:23,47042.63,SETTLED,B20260908-3
S905681,T106039,2026-09-08 11:52:02,3052.60,SETTLED,B20260908-3
S905682,T106040,2026-09-08 19:22:55,2537.12,SETTLED,B20260908-3
S905683,T106041,2026-09-09 00:47:17,1727.21,SETTLED,B20260909-5
S905684,T106042,2026-09-08 15:08:37,17638.70,SETTLED,B20260908-1
S905685,T106042,2026-09-08 15:14:37,4409.67,SETTLED,B20260908-2
S905686,T106043,2026-09-08 21:58:15,1389.06,SETTLED,B20260908-1
S905687,T106043,2026-09-08 22:09:15,347.26,SETTLED,B20260908-6
S905688,T106044,2026-09-08 22:34:39,3580.93,SETTLED,B20260908-6
S905689,T106045,2026-09-08 09:22:12,2106.19,SETTLED,B20260908-4
S905690,T106046,2026-09-08 06:30:44,58868.20,SETTLED,B20260908-3
S905691,T106048,2026-09-08 17:13:12,849.25,SETTLED,B20260908-2
S905692,T106048,2026-09-08 17:20:12,212.31,SETTLED,B20260908-1
S905693,T106049,2026-09-08 18:09:42,56999.60,SETTLED,B20260908-3
S905694,T106052,2026-09-08 20:41:27,1566.89,SETTLED,B20260908-1
S905695,T106053,2026-09-08 14:51:03,162620.25,SETTLED,B20260908-4
S905696,T106054,2026-09-08 19:30:33,135893.64,SETTLED,B20260908-3
S905697,T106055,2026-09-08 14:09:39,34957.67,SETTLED,B20260908-6
S905698,T106056,2026-09-08 07:01:10,147949.36,SETTLED,B20260908-6
S905699,T106057,2026-09-08 23:01:45,10342.92,SETTLED,B20260908-1
S905700,T106058,2026-09-08 16:40:05,302749.21,SETTLED,B20260908-5
S905701,T106059,2026-09-08 20:49:53,126985.18,SETTLED,B20260908-4
S905702,T106059,2026-09-08 21:00:53,31746.29,SETTLED,B20260908-5
S905703,T106060,2026-09-08 10:36:30,1626.00,SETTLED,B20260908-2
S905704,T106060,2026-09-08 10:44:30,406.50,SETTLED,B20260908-2
S905705,T106061,2026-09-08 21:15:55,266853.98,SETTLED,B20260908-2
S905706,T106063,2026-09-08 14:31:38,332897.00,SETTLED,B20260908-1
S905707,T106065,2026-09-08 15:38:22,1176.51,SETTLED,B20260908-3
S905708,T106066,2026-09-08 07:57:46,206395.14,SETTLED,B20260908-6
S905709,T106067,2026-09-08 15:23:02,269280.43,SETTLED,B20260908-2
S905710,T106068,2026-09-08 06:43:55,321250.57,SETTLED,B20260908-2
S905711,T106069,2026-09-08 11:16:19,37077.32,SETTLED,B20260908-1
S905712,T106070,2026-09-08 15:27:44,393450.99,SETTLED,B20260908-3
S905713,T106071,2026-09-08 09:58:26,3107.81,SETTLED,B20260908-3
S905714,T106071,2026-09-08 10:04:26,776.95,SETTLED,B20260908-3
S905715,T106072,2026-09-08 09:33:14,3459.63,SETTLED,B20260908-1
S905716,T106073,2026-09-08 22:37:15,1020.23,SETTLED,B20260908-2
S905717,T106074,2026-09-08 10:32:08,222247.30,SETTLED,B20260908-3
S905718,T106075,2026-09-08 12:07:42,2926.60,SETTLED,B20260908-1
S905719,T106076,2026-09-08 17:47:38,26353.78,SETTLED,B20260908-6
S905720,T106077,2026-09-08 19:24:44,377902.17,SETTLED,B20260908-1
S905721,T106078,2026-09-08 18:01:30,915.74,SETTLED,B20260908-4
S905722,T106079,2026-09-08 09:57:42,55270.86,SETTLED,B20260908-6
S905723,T106080,2026-09-08 17:09:50,219966.53,SETTLED,B20260908-4
S905724,T106082,2026-09-08 10:19:38,262535.00,SETTLED,B20260908-2
S905725,T106083,2026-09-09 02:21:59,2837.41,SETTLED,B20260909-6
S905726,T106084,2026-09-08 14:12:28,82599.87,SETTLED,B20260908-4
S905727,T106086,2026-09-08 08:19:41,3748.67,SETTLED,B20260908-1
S905728,T106087,2026-09-08 18:06:31,265602.74,SETTLED,B20260908-4
S905729,T106089,2026-09-08 15:53:47,13247.11,SETTLED,B20260908-3
S905730,T106090,2026-09-08 10:42:59,16285.46,SETTLED,B20260908-1
S905731,T106090,2026-09-08 10:52:59,4071.36,SETTLED,B20260908-4
S905732,T106091,2026-09-08 09:31:34,2704.00,PENDING,B20260908-6
S905733,T106092,2026-09-08 12:49:17,31435.22,SETTLED,B20260908-4
S905734,T106092,2026-09-08 12:51:17,7858.80,SETTLED,B20260908-5
S905735,T106094,2026-09-08 11:45:25,3414.27,SETTLED,B20260908-1
S905736,T106096,2026-09-08 20:08:22,1533.07,SETTLED,B20260908-3
S905737,T106097,2026-09-08 19:31:04,278.26,SETTLED,B20260908-2
S905738,T106098,2026-09-08 16:23:55,3383.23,SETTLED,B20260908-6
S905739,T106100,2026-09-08 18:02:03,346061.48,SETTLED,B20260908-4
S905740,T106101,2026-09-08 23:20:33,3160.97,SETTLED,B20260908-3
S905741,T106103,2026-09-08 06:08:39,303545.54,SETTLED,B20260908-5
S905742,T106104,2026-09-08 09:56:48,39605.40,SETTLED,B20260908-4
S905743,T106104,2026-09-08 09:57:48,9901.35,SETTLED,B20260908-6
S905744,T106105,2026-09-08 12:49:59,21380.19,SETTLED,B20260908-6
S905745,T106106,2026-09-08 11:42:08,369669.27,SETTLED,B20260908-1
S905746,T106107,2026-09-08 09:16:44,2263.39,SETTLED,B20260908-6
S905747,T106108,2026-09-08 08:11:52,364.49,SETTLED,B20260908-2
S905748,T106110,2026-09-08 06:50:33,27808.45,SETTLED,B20260908-3
S905749,T106110,2026-09-08 06:52:33,6952.11,SETTLED,B20260908-6
S905750,T106113,2026-09-08 16:41:46,593.37,SETTLED,B20260908-1
S905751,T106114,2026-09-08 18:41:50,14348.25,SETTLED,B20260908-3
S905752,T106114,2026-09-08 18:47:50,3587.06,SETTLED,B20260908-3
S905753,T106115,2026-09-08 19:33:45,351.79,SETTLED,B20260908-2
S905754,T106116,2026-09-08 08:20:07,355636.44,SETTLED,B20260908-4
S905755,T106117,2026-09-08 15:38:13,39464.67,SETTLED,B20260908-5
S905756,T106118,2026-09-08 19:16:35,461.35,SETTLED,B20260908-5
S905757,T106119,2026-09-08 08:55:07,29671.54,SETTLED,B20260908-2
S905758,T106123,2026-09-08 18:43:49,705.17,SETTLED,B20260908-1
S905759,T106124,2026-09-08 22:15:52,180843.41,SETTLED,B20260908-1
S905760,T106124,2026-09-08 22:17:52,45210.85,SETTLED,B20260908-6
S905761,T106125,2026-09-08 07:02:48,45680.23,SETTLED,B20260908-5
S905762,T106127,2026-09-08 19:58:54,66925.96,SETTLED,B20260908-4
S905763,T106128,2026-09-08 22:23:44,2292.73,SETTLED,B20260908-2
S905764,T106129,2026-09-08 13:51:19,929.51,SETTLED,B20260908-5
S905765,T106130,2026-09-08 10:27:47,250762.57,SETTLED,B20260908-6
S905766,T106132,2026-09-08 10:37:55,280746.44,SETTLED,B20260908-5
S905767,T106133,2026-09-08 06:37:59,1168.53,SETTLED,B20260908-4
S905768,T106134,2026-09-08 09:27:40,28103.73,SETTLED,B20260908-3
S905769,T106134,2026-09-08 09:34:40,7025.93,SETTLED,B20260908-2
S905770,T106136,2026-09-08 20:58:42,359215.31,SETTLED,B20260908-1
S905771,T106137,2026-09-08 20:43:21,3282.69,PENDING,B20260908-6
S905772,T106138,2026-09-08 18:18:34,383354.37,SETTLED,B20260908-3
S905773,T106139,2026-09-08 10:38:08,44998.74,SETTLED,B20260908-4
S905774,T106139,2026-09-08 10:46:08,11249.68,SETTLED,B20260908-2
S905775,T106141,2026-09-08 20:53:47,3418.88,SETTLED,B20260908-3
S905776,T106142,2026-09-08 22:24:04,3325.40,SETTLED,B20260908-3
S905777,T106143,2026-09-08 19:27:12,3382.71,SETTLED,B20260908-3
S905778,T106144,2026-09-08 08:27:35,977.03,FAILED,B20260908-4
S905779,T106145,2026-09-08 13:09:09,3237.51,SETTLED,B20260908-6
S905780,T106146,2026-09-08 17:05:50,235347.96,SETTLED,B20260908-4
S905781,T106147,2026-09-08 17:20:48,47434.27,SETTLED,B20260908-3
S905782,T106148,2026-09-08 10:06:13,189058.46,SETTLED,B20260908-4
S905783,T106149,2026-09-08 22:51:41,55120.96,SETTLED,B20260908-4
S905784,T106151,2026-09-08 15:31:44,11538.81,SETTLED,B20260908-4
S905785,T106152,2026-09-08 22:47:30,2259.38,SETTLED,B20260908-6
S905786,T106153,2026-09-08 13:08:22,90593.36,SETTLED,B20260908-5
S905787,T106154,2026-09-08 06:45:34,2180.05,SETTLED,B20260908-3
S905788,T106155,2026-09-08 06:20:19,47988.82,SETTLED,B20260908-6
S905789,T106156,2026-09-08 06:36:10,150226.72,SETTLED,B20260908-2
S905790,T106157,2026-09-08 07:49:05,14062.89,SETTLED,B20260908-2
S905791,T106158,2026-09-08 19:03:52,370489.14,SETTLED,B20260908-3
S905792,T106160,2026-09-08 06:59:50,256074.97,SETTLED,B20260908-1
S905793,T106161,2026-09-08 07:12:10,291320.60,SETTLED,B20260908-5
S905794,T106162,2026-09-08 23:00:13,210142.85,SETTLED,B20260908-5
S905795,T106163,2026-09-08 12:01:00,14711.56,SETTLED,B20260908-6
S905796,T106163,2026-09-08 12:09:00,3677.89,SETTLED,B20260908-3
S905797,T106164,2026-09-08 10:39:07,269313.51,SETTLED,B20260908-4
S905798,T106165,2026-09-08 09:21:44,310667.37,SETTLED,B20260908-1
S905799,T106166,2026-09-08 11:54:35,55332.64,SETTLED,B20260908-4
S905800,T106167,2026-09-08 14:19:40,1546.65,SETTLED,B20260908-1
S905801,T106168,2026-09-08 08:43:57,2083.13,SETTLED,B20260908-2
S905802,T106169,2026-09-08 15:29:33,274068.96,SETTLED,B20260908-1
S905803,T106170,2026-09-08 20:54:02,122106.19,SETTLED,B20260908-1
S905804,T106171,2026-09-08 08:54:13,164322.16,SETTLED,B20260908-5
S905805,T106172,2026-09-08 17:49:04,391809.00,SETTLED,B20260908-6
S905806,T106173,2026-09-08 11:18:52,1950.42,SETTLED,B20260908-3
S905807,T106174,2026-09-08 06:53:16,399438.49,SETTLED,B20260908-6
S905808,T106175,2026-09-08 08:12:41,4946.11,SETTLED,B20260908-5
S905809,T106176,2026-09-08 15:56:39,28252.44,SETTLED,B20260908-1
S905810,T106177,2026-09-08 20:11:29,57144.58,SETTLED,B20260908-1
S905811,T106178,2026-09-09 07:27:04,166953.48,SETTLED,B20260909-6
S905812,T106180,2026-09-08 09:40:13,36176.43,SETTLED,B20260908-6
S905813,T106181,2026-09-08 12:30:01,2998.63,FAILED,B20260908-1
S905814,T106182,2026-09-08 11:22:58,39108.75,SETTLED,B20260908-1
S905815,T106184,2026-09-08 10:35:32,3689.03,SETTLED,B20260908-4
S905816,T106185,2026-09-08 19:40:09,298703.70,SETTLED,B20260908-2
S905817,T106186,2026-09-08 07:24:34,2884.74,SETTLED,B20260908-4
S905818,T106186,2026-09-08 07:28:34,721.18,SETTLED,B20260908-6
S905819,T106187,2026-09-08 22:04:59,2986.44,SETTLED,B20260908-6
S905820,T106188,2026-09-08 16:26:23,391323.26,SETTLED,B20260908-4
S905821,T106190,2026-09-08 09:14:41,24494.23,SETTLED,B20260908-1
S905822,T106191,2026-09-08 19:00:19,48603.47,SETTLED,B20260908-2
S905823,T106192,2026-09-08 07:25:11,6828.49,SETTLED,B20260908-3
S905824,T106195,2026-09-08 13:36:34,170512.19,SETTLED,B20260908-2
S905825,T106196,2026-09-08 19:06:40,266137.01,SETTLED,B20260908-1
S905826,T106198,2026-09-08 15:46:04,135684.12,SETTLED,B20260908-4
S905827,T106199,2026-09-08 21:54:30,129718.39,SETTLED,B20260908-1
S905828,T106200,2026-09-08 16:42:06,387479.39,SETTLED,B20260908-4
S905829,T106201,2026-09-08 16:26:36,1304.38,SETTLED,B20260908-1
S905830,T106202,2026-09-08 21:48:08,3399.55,SETTLED,B20260908-6
S905831,T106203,2026-09-08 11:54:43,35878.67,SETTLED,B20260908-1
S905832,T106204,2026-09-08 22:03:04,13318.18,SETTLED,B20260908-3
S905833,T106205,2026-09-08 21:24:50,2600.66,SETTLED,B20260908-3
S905834,T106205,2026-09-08 21:28:50,650.17,SETTLED,B20260908-2
S905835,T106206,2026-09-08 08:58:10,26285.58,SETTLED,B20260908-2
S905836,T106207,2026-09-08 13:50:18,1597.85,SETTLED,B20260908-4
S905837,T106208,2026-09-08 20:31:48,3642.40,SETTLED,B20260908-1
S905838,T106209,2026-09-08 20:32:22,47776.22,SETTLED,B20260908-2
S905839,T106210,2026-09-08 21:22:35,297936.16,SETTLED,B20260908-6
S905840,T106211,2026-09-08 17:18:47,98889.96,SETTLED,B20260908-1
S905841,T106212,2026-09-08 09:57:47,289976.86,SETTLED,B20260908-3
S905842,T106213,2026-09-08 06:37:25,56722.45,SETTLED,B20260908-2
S905843,T106214,2026-09-08 07:08:21,21516.38,SETTLED,B20260908-2
S905844,T106215,2026-09-08 07:41:59,2570.94,SETTLED,B20260908-5
S905845,T106216,2026-09-08 19:40:14,3415.07,SETTLED,B20260908-1
S905846,T106217,2026-09-08 20:10:56,281.47,SETTLED,B20260908-5
S905847,T106218,2026-09-08 08:56:32,16109.94,SETTLED,B20260908-2
S905848,T106218,2026-09-08 09:04:32,4027.48,SETTLED,B20260908-1
S905849,T106219,2026-09-08 15:01:25,2361.64,SETTLED,B20260908-4
S905850,T106220,2026-09-08 18:05:16,3983.61,SETTLED,B20260908-4
S905851,T106221,2026-09-08 18:41:33,3168.68,SETTLED,B20260908-6
S905852,T106222,2026-09-09 01:00:29,1283.57,SETTLED,B20260909-1
S905853,T106223,2026-09-08 19:07:28,8457.02,SETTLED,B20260908-6
S905854,T106224,2026-09-08 10:19:45,2752.85,SETTLED,B20260908-3
S905855,T106226,2026-09-08 17:31:19,365947.13,SETTLED,B20260908-2
S905856,T106227,2026-09-08 15:12:38,57065.13,SETTLED,B20260908-2
S905857,T106228,2026-09-08 08:26:12,26418.16,SETTLED,B20260908-1
S905858,T106229,2026-09-08 20:08:05,153431.78,SETTLED,B20260908-2
S905859,T106230,2026-09-08 08:38:12,35250.61,SETTLED,B20260908-4
S905860,T106231,2026-09-08 22:43:05,275208.46,SETTLED,B20260908-1
S905861,T106231,2026-09-08 22:51:05,68802.11,SETTLED,B20260908-5
S905862,T106232,2026-09-08 11:17:08,56810.48,SETTLED,B20260908-3
S905863,T106233,2026-09-08 12:47:27,34396.60,SETTLED,B20260908-2
S905864,T106233,2026-09-08 12:59:27,8599.15,SETTLED,B20260908-4
S905865,T106234,2026-09-08 11:28:11,909.78,SETTLED,B20260908-5
S905866,T106235,2026-09-08 06:41:17,58079.15,SETTLED,B20260908-6
S905867,T106236,2026-09-08 17:31:49,285711.86,SETTLED,B20260908-1
S905868,T106237,2026-09-08 14:24:33,2483.17,SETTLED,B20260908-4
S905869,T106237,2026-09-08 14:24:33,620.79,SETTLED,B20260908-6
S905870,T106238,2026-09-09 00:51:10,1958.02,SETTLED,B20260909-2
S905871,T106239,2026-09-08 14:40:06,1413.67,SETTLED,B20260908-3
S905872,T106239,2026-09-08 14:51:06,353.42,SETTLED,B20260908-4
S905873,T106240,2026-09-08 10:56:06,334956.14,SETTLED,B20260908-6
S905874,T106241,2026-09-08 21:02:36,387921.78,SETTLED,B20260908-5
S905875,T106242,2026-09-08 22:18:17,13320.19,SETTLED,B20260908-3
S905876,T106243,2026-09-08 19:14:47,1316.00,SETTLED,B20260908-4
S905877,T106244,2026-09-08 15:59:57,23784.59,SETTLED,B20260908-5
S905878,T106245,2026-09-08 06:39:13,165018.94,SETTLED,B20260908-1
S905879,T106246,2026-09-08 14:59:27,2544.63,SETTLED,B20260908-3
S905880,T106247,2026-09-08 11:16:37,84780.85,SETTLED,B20260908-6
S905881,T106248,2026-09-08 06:08:10,1880.38,SETTLED,B20260908-6
S905882,T106249,2026-09-09 01:18:44,74048.34,SETTLED,B20260909-2
S905883,T106250,2026-09-08 17:17:07,398418.42,SETTLED,B20260908-6
S905884,T106251,2026-09-08 10:35:03,809.10,SETTLED,B20260908-3
S905885,T106252,2026-09-09 16:01:16,3388.68,PENDING,B20260909-6
S905886,T106253,2026-09-08 16:36:10,40796.88,SETTLED,B20260908-5
S905887,T106254,2026-09-08 21:54:45,294.73,SETTLED,B20260908-4
S905888,T106255,2026-09-08 22:48:27,2745.09,SETTLED,B20260908-1
S905889,T106256,2026-09-08 07:03:43,172.20,SETTLED,B20260908-5
S905890,T106257,2026-09-08 09:53:35,71283.79,SETTLED,B20260908-2
S905891,T106258,2026-09-08 12:14:11,271319.72,SETTLED,B20260908-5
S905892,T106260,2026-09-08 06:38:14,31381.46,SETTLED,B20260908-6
S905893,T106260,2026-09-08 06:40:14,7845.37,SETTLED,B20260908-4
S905894,T106262,2026-09-08 13:48:48,364516.90,SETTLED,B20260908-5
S905895,T106263,2026-09-08 08:47:37,285935.60,SETTLED,B20260908-6
S905896,T106264,2026-09-08 09:58:38,723.38,SETTLED,B20260908-2
S905897,T106265,2026-09-08 16:13:36,101382.66,SETTLED,B20260908-5
S905898,T106266,2026-09-08 07:58:26,17218.44,SETTLED,B20260908-6
S905899,T106267,2026-09-08 17:26:57,3002.73,SETTLED,B20260908-4
S905900,T106268,2026-09-08 16:56:04,14376.95,SETTLED,B20260908-6
S905901,T106268,2026-09-08 17:07:04,3594.24,SETTLED,B20260908-4
S905902,T106269,2026-09-08 06:30:02,3390.93,SETTLED,B20260908-4
S905903,T106270,2026-09-08 19:45:09,635.40,SETTLED,B20260908-1
S905904,T106271,2026-09-08 11:42:51,389870.18,SETTLED,B20260908-2
S905905,T106273,2026-09-08 19:20:26,11780.92,SETTLED,B20260908-4
S905906,T106274,2026-09-08 22:52:02,147094.46,SETTLED,B20260908-1
S905907,T106274,2026-09-08 22:59:02,36773.61,SETTLED,B20260908-4
S905908,T106275,2026-09-08 15:30:34,2468.09,SETTLED,B20260908-1
S905909,T106276,2026-09-08 20:48:21,41394.57,SETTLED,B20260908-3
S905910,T106277,2026-09-08 15:50:43,7103.49,SETTLED,B20260908-1
S905911,T106279,2026-09-08 09:00:55,308172.13,SETTLED,B20260908-4
S905912,T106280,2026-09-08 11:23:00,2990.04,SETTLED,B20260908-6
S905913,T106281,2026-09-09 04:45:23,277146.18,SETTLED,B20260909-4
S905914,T106282,2026-09-08 09:53:01,37790.72,SETTLED,B20260908-2
S905915,T106283,2026-09-08 06:18:07,29737.14,SETTLED,B20260908-4
S905916,T106284,2026-09-08 14:15:21,20645.00,SETTLED,B20260908-3
S905917,T106285,2026-09-08 10:48:47,135674.89,SETTLED,B20260908-1
S905918,T106286,2026-09-08 08:55:35,54619.87,SETTLED,B20260908-3
S905919,T106287,2026-09-08 11:09:10,1339.40,SETTLED,B20260908-4
S905920,T106288,2026-09-08 09:05:55,38964.55,SETTLED,B20260908-5
S905921,T106290,2026-09-08 11:04:22,833.74,SETTLED,B20260908-4
S905922,T106292,2026-09-08 06:15:10,126879.42,SETTLED,B20260908-6
S905923,T106293,2026-09-08 10:09:43,265468.42,SETTLED,B20260908-3
S905924,T901749,2026-09-08 13:00:00,11580.94,SETTLED,B20260908-9
S905925,T970165,2026-09-08 10:00:00,9638.02,SETTLED,B20260908-9
S905926,T984709,2026-09-08 14:00:00,15630.02,SETTLED,B20260908-9
S905927,T984143,2026-09-08 12:00:00,8752.29,SETTLED,B20260908-9
S905928,T106294,2026-09-10 13:48:32,95880.16,SETTLED,B20260910-3
S905929,T106296,2026-09-09 16:03:01,92321.58,SETTLED,B20260909-4
S905930,T106296,2026-09-09 16:14:01,23080.40,SETTLED,B20260909-3
S905931,T106297,2026-09-09 13:44:30,77115.18,PENDING,B20260909-6
S905932,T106298,2026-09-09 10:25:53,25887.48,SETTLED,B20260909-5
S905933,T106299,2026-09-09 14:09:28,343731.30,SETTLED,B20260909-6
S905934,T106300,2026-09-09 09:36:59,339265.13,SETTLED,B20260909-5
S905935,T106301,2026-09-09 10:01:24,230676.68,SETTLED,B20260909-3
S905936,T106302,2026-09-09 19:09:48,7632.08,SETTLED,B20260909-6
S905937,T106303,2026-09-09 06:55:37,213709.22,SETTLED,B20260909-3
S905938,T106303,2026-09-09 07:04:37,53427.30,SETTLED,B20260909-1
S905939,T106304,2026-09-09 23:37:06,26051.82,SETTLED,B20260909-3
S905940,T106305,2026-09-09 08:41:09,361015.08,SETTLED,B20260909-5
S905941,T106306,2026-09-09 15:42:31,318550.81,SETTLED,B20260909-5
S905942,T106307,2026-09-09 19:23:53,127435.23,SETTLED,B20260909-3
S905943,T106308,2026-09-09 21:09:04,324207.30,SETTLED,B20260909-2
S905944,T106309,2026-09-09 18:34:21,117688.30,SETTLED,B20260909-6
S905945,T106309,2026-09-09 18:43:21,29422.08,SETTLED,B20260909-6
S905946,T106310,2026-09-09 13:02:12,138515.08,SETTLED,B20260909-3
S905947,T106311,2026-09-09 08:58:35,361.12,SETTLED,B20260909-3
S905948,T106312,2026-09-09 09:38:46,185.29,SETTLED,B20260909-3
S905949,T106312,2026-09-09 09:38:46,46.32,FAILED,B20260909-5
S905950,T106313,2026-09-09 12:26:59,1538.34,SETTLED,B20260909-6
S905951,T106314,2026-09-09 13:43:37,59662.25,SETTLED,B20260909-6
S905952,T106315,2026-09-09 10:27:58,151430.50,SETTLED,B20260909-1
S905953,T106315,2026-09-09 10:38:58,37857.63,SETTLED,B20260909-1
S905954,T106317,2026-09-09 15:49:11,41166.68,SETTLED,B20260909-3
S905955,T106318,2026-09-09 21:43:06,215802.09,PENDING,B20260909-1
S905956,T106320,2026-09-09 19:58:48,37011.19,SETTLED,B20260909-5
S905957,T106321,2026-09-09 19:22:31,55241.28,SETTLED,B20260909-1
S905958,T106322,2026-09-09 12:46:56,9019.99,SETTLED,B20260909-2
S905959,T106323,2026-09-09 16:31:04,270241.93,SETTLED,B20260909-5
S905960,T106324,2026-09-09 19:00:30,26767.38,PENDING,B20260909-4
S905961,T106325,2026-09-09 15:46:21,1670.61,SETTLED,B20260909-6
S905962,T106327,2026-09-09 22:19:44,853.37,SETTLED,B20260909-3
S905963,T106328,2026-09-09 07:52:58,3457.56,SETTLED,B20260909-3
S905964,T106329,2026-09-09 15:36:20,2040.22,SETTLED,B20260909-4
S905965,T106330,2026-09-09 14:40:52,13618.14,SETTLED,B20260909-3
S905966,T106331,2026-09-09 06:53:00,46535.44,SETTLED,B20260909-6
S905967,T106332,2026-09-09 08:50:30,67404.98,SETTLED,B20260909-1
S905968,T106333,2026-09-09 18:05:15,295788.23,SETTLED,B20260909-2
S905969,T106335,2026-09-09 10:33:36,-28868.19,SETTLED,B20260909-3
S905970,T106336,2026-09-09 10:34:14,88234.29,SETTLED,B20260909-3
S905971,T106337,2026-09-09 11:06:59,35843.60,SETTLED,B20260909-1
S905972,T106338,2026-09-09 16:46:53,1771.80,SETTLED,B20260909-4
S905973,T106339,2026-09-09 12:58:40,102985.71,SETTLED,B20260909-2
S905974,T106340,2026-09-09 12:47:28,55601.64,SETTLED,B20260909-4
S905975,T106341,2026-09-09 13:13:46,1755.53,SETTLED,B20260909-6
S905976,T106342,2026-09-09 07:22:34,14969.40,SETTLED,B20260909-1
S905977,T106343,2026-09-09 06:44:01,277937.91,SETTLED,B20260909-4
S905978,T106344,2026-09-09 22:32:57,26480.94,SETTLED,B20260909-4
S905979,T106345,2026-09-09 17:31:53,71227.25,SETTLED,B20260909-2
S905980,T106346,2026-09-09 10:57:04,25591.15,SETTLED,B20260909-4
S905981,T106346,2026-09-09 11:04:04,6397.79,SETTLED,B20260909-3
S905982,T106347,2026-09-09 22:18:23,364929.34,SETTLED,B20260909-1
S905983,T106348,2026-09-09 17:37:44,14893.74,SETTLED,B20260909-3
S905984,T106348,2026-09-09 17:41:44,3723.43,SETTLED,B20260909-1
S905985,T106350,2026-09-09 09:44:34,10642.37,SETTLED,B20260909-5
S905986,T106351,2026-09-10 06:05:34,35146.02,SETTLED,B20260910-6
S905987,T106352,2026-09-09 12:03:22,1072.76,SETTLED,B20260909-1
S905988,T106353,2026-09-09 07:13:20,961.97,SETTLED,B20260909-2
S905989,T106353,2026-09-09 07:21:20,240.49,SETTLED,B20260909-4
S905990,T106354,2026-09-09 08:33:34,3176.91,PENDING,B20260909-4
S905991,T106354,2026-09-09 08:33:34,794.23,SETTLED,B20260909-2
S905992,T106356,2026-09-09 21:14:39,2200.34,SETTLED,B20260909-2
S905993,T106357,2026-09-09 21:42:21,178963.36,SETTLED,B20260909-5
S905994,T106358,2026-09-09 14:31:15,37570.24,SETTLED,B20260909-4
S905995,T106359,2026-09-09 21:03:52,16481.37,SETTLED,B20260909-6
S905996,T106361,2026-09-09 14:18:17,42613.80,SETTLED,B20260909-2
S905997,T106362,2026-09-09 08:04:25,2039.00,SETTLED,B20260909-6
S905998,T106363,2026-09-09 11:07:03,52170.82,SETTLED,B20260909-6
S905999,T106364,2026-09-09 22:40:26,399986.46,SETTLED,B20260909-4
S906000,T106365,2026-09-09 22:30:28,2400.01,SETTLED,B20260909-4
S906001,T106366,2026-09-09 15:36:16,275979.77,SETTLED,B20260909-4
S906002,T106367,2026-09-09 22:57:28,3164.41,SETTLED,B20260909-3
S906003,T106368,2026-09-09 14:13:05,13292.49,SETTLED,B20260909-1
S906004,T106369,2026-09-09 18:39:41,27605.85,SETTLED,B20260909-3
S906005,T106371,2026-09-09 11:33:25,145350.76,SETTLED,B20260909-2
S906006,T106372,2026-09-09 07:02:07,45773.89,SETTLED,B20260909-4
S906007,T106374,2026-09-09 12:54:55,3577.75,SETTLED,B20260909-4
S906008,T106375,2026-09-09 20:47:31,11830.54,SETTLED,B20260909-1
S906009,T106375,2026-09-09 20:59:31,2957.63,SETTLED,B20260909-1
S906010,T106376,2026-09-09 15:11:35,1571.19,SETTLED,B20260909-4
S906011,T106377,2026-09-09 20:45:11,39537.09,SETTLED,B20260909-6
S906012,T106378,2026-09-09 22:35:18,2967.49,PENDING,B20260909-4
S906013,T106380,2026-09-09 09:42:33,301222.32,SETTLED,B20260909-2
S906014,T106381,2026-09-09 15:17:15,333778.03,SETTLED,B20260909-2
S906015,T106382,2026-09-09 11:43:27,35589.24,SETTLED,B20260909-4
S906016,T106383,2026-09-09 09:10:55,54058.06,SETTLED,B20260909-1
S906017,T106385,2026-09-09 10:52:54,1502.00,SETTLED,B20260909-4
S906018,T106386,2026-09-09 17:53:55,2110.54,SETTLED,B20260909-2
S906019,T106387,2026-09-09 17:24:23,55397.81,SETTLED,B20260909-4
S906020,T106390,2026-09-09 12:10:51,214090.68,SETTLED,B20260909-5
S906021,T106392,2026-09-09 21:49:23,2230.90,SETTLED,B20260909-1
S906022,T106394,2026-09-09 07:07:06,13995.73,SETTLED,B20260909-5
S906023,T106395,2026-09-09 10:00:26,322453.26,SETTLED,B20260909-5
S906024,T106396,2026-09-09 18:28:29,316834.33,SETTLED,B20260909-1
S906025,T106397,2026-09-09 11:47:44,1350.22,SETTLED,B20260909-1
S906026,T106398,2026-09-10 10:34:56,279116.90,SETTLED,B20260910-2
S906027,T106399,2026-09-09 12:13:03,582.42,SETTLED,B20260909-4
S906028,T106400,2026-09-09 08:40:10,363138.39,SETTLED,B20260909-2
S906029,T106401,2026-09-09 06:41:21,211566.63,SETTLED,B20260909-5
S906030,T106402,2026-09-09 07:26:18,2553.20,SETTLED,B20260909-1
S906031,T106404,2026-09-09 10:09:40,61524.78,SETTLED,B20260909-2
S906032,T106405,2026-09-09 16:36:27,2147.26,SETTLED,B20260909-2
S906033,T106406,2026-09-09 16:05:50,41850.97,SETTLED,B20260909-5
S906034,T106407,2026-09-09 19:48:08,240060.08,SETTLED,B20260909-3
S906035,T106408,2026-09-09 18:50:21,237515.86,SETTLED,B20260909-1
S906036,T106409,2026-09-09 12:19:52,5674.26,SETTLED,B20260909-6
S906037,T106410,2026-09-09 22:07:29,1822.54,FAILED,B20260909-5
S906038,T106410,2026-09-09 22:09:29,455.63,SETTLED,B20260909-5
S906039,T106411,2026-09-09 16:12:21,186584.84,SETTLED,B20260909-1
S906040,T106412,2026-09-09 21:42:33,11825.56,SETTLED,B20260909-1
S906041,T106413,2026-09-09 12:11:09,3080.58,SETTLED,B20260909-1
S906042,T106414,2026-09-09 06:54:16,1012.92,SETTLED,B20260909-6
S906043,T106415,2026-09-09 17:41:07,59063.15,SETTLED,B20260909-3
S906044,T106416,2026-09-09 09:49:33,3683.96,SETTLED,B20260909-4
S906045,T106417,2026-09-09 06:29:37,45456.74,SETTLED,B20260909-2
S906046,T106418,2026-09-09 21:07:24,223544.71,SETTLED,B20260909-3
S906047,T106419,2026-09-09 09:09:26,3025.53,SETTLED,B20260909-3
S906048,T106420,2026-09-09 14:39:18,7900.02,SETTLED,B20260909-5
S906049,T106421,2026-09-09 17:58:23,3105.92,FAILED,B20260909-2
S906050,T106422,2026-09-09 22:06:57,212189.58,SETTLED,B20260909-3
S906051,T106423,2026-09-09 12:54:34,3333.70,SETTLED,B20260909-6
S906052,T106424,2026-09-09 23:02:17,270080.55,SETTLED,B20260909-2
S906053,T106425,2026-09-09 09:50:27,396874.81,SETTLED,B20260909-3
S906054,T106426,2026-09-09 08:27:46,346868.55,SETTLED,B20260909-3
S906055,T106427,2026-09-09 17:07:13,27498.57,SETTLED,B20260909-6
S906056,T106428,2026-09-09 09:24:03,230931.75,SETTLED,B20260909-5
S906057,T106429,2026-09-09 14:07:09,319609.79,SETTLED,B20260909-6
S906058,T106430,2026-09-09 10:18:15,1886.62,SETTLED,B20260909-3
S906059,T106431,2026-09-09 14:40:12,244716.27,SETTLED,B20260909-5
S906060,T106432,2026-09-09 22:36:45,222563.80,SETTLED,B20260909-3
S906061,T106432,2026-09-09 22:41:45,55640.95,SETTLED,B20260909-6
S906062,T106433,2026-09-09 18:19:37,115227.75,SETTLED,B20260909-4
S906063,T106434,2026-09-09 09:49:56,3879.11,SETTLED,B20260909-4
S906064,T106435,2026-09-09 06:50:09,31406.57,SETTLED,B20260909-4
S906065,T106436,2026-09-09 09:20:07,1296.70,SETTLED,B20260909-6
S906066,T106437,2026-09-09 07:18:18,19366.74,SETTLED,B20260909-6
S906067,T106438,2026-09-09 19:16:00,3524.02,SETTLED,B20260909-6
S906068,T106439,2026-09-09 16:09:04,18705.64,SETTLED,B20260909-4
S906069,T106440,2026-09-09 15:51:42,52476.09,SETTLED,B20260909-3
S906070,T106441,2026-09-09 16:34:04,97231.34,SETTLED,B20260909-3
S906071,T106441,2026-09-09 16:35:04,24307.83,SETTLED,B20260909-5
S906072,T106442,2026-09-09 21:31:32,1720.92,SETTLED,B20260909-3
S906073,T106443,2026-09-09 19:04:13,360.93,SETTLED,B20260909-3
S906074,T106444,2026-09-09 11:06:53,359380.02,SETTLED,B20260909-2
S906075,T106445,2026-09-09 08:57:13,146182.47,SETTLED,B20260909-5
S906076,T106446,2026-09-09 15:20:34,57039.27,SETTLED,B20260909-6
S906077,T106447,2026-09-09 20:12:04,289368.70,SETTLED,B20260909-6
S906078,T106448,2026-09-09 17:03:38,25781.09,SETTLED,B20260909-3
S906079,T106448,2026-09-09 17:14:38,6445.27,SETTLED,B20260909-1
S906080,T106449,2026-09-09 23:08:59,163.11,SETTLED,B20260909-5
S906081,T106449,2026-09-09 23:08:59,40.78,SETTLED,B20260909-2
S906082,T106450,2026-09-09 11:23:37,-25728.55,SETTLED,B20260909-5
S906083,T106451,2026-09-09 06:19:20,51056.93,SETTLED,B20260909-4
S906084,T106452,2026-09-09 15:20:10,282981.29,SETTLED,B20260909-6
S906085,T106453,2026-09-09 21:56:15,745.70,SETTLED,B20260909-5
S906086,T106453,2026-09-09 22:05:15,186.43,SETTLED,B20260909-4
S906087,T106454,2026-09-09 12:40:55,2018.55,SETTLED,B20260909-1
S906088,T106457,2026-09-09 20:09:50,50362.33,SETTLED,B20260909-1
S906089,T106458,2026-09-09 10:05:24,2221.76,SETTLED,B20260909-5
S906090,T106460,2026-09-09 07:44:15,121684.33,SETTLED,B20260909-6
S906091,T106461,2026-09-09 15:54:20,222155.32,SETTLED,B20260909-5
S906092,T106462,2026-09-09 09:56:50,251450.53,SETTLED,B20260909-3
S906093,T106463,2026-09-09 21:41:32,11802.76,SETTLED,B20260909-3
S906094,T106464,2026-09-09 07:23:04,79495.04,SETTLED,B20260909-3
S906095,T106465,2026-09-09 22:08:40,-1634.09,SETTLED,B20260909-2
S906096,T106466,2026-09-09 09:47:43,6412.30,SETTLED,B20260909-3
S906097,T106467,2026-09-09 19:08:03,152982.14,SETTLED,B20260909-4
S906098,T106468,2026-09-09 14:32:25,37743.55,SETTLED,B20260909-5
S906099,T106469,2026-09-09 15:46:02,322719.29,SETTLED,B20260909-6
S906100,T106470,2026-09-09 10:19:40,2139.38,SETTLED,B20260909-3
S906101,T106471,2026-09-09 06:29:39,222820.16,SETTLED,B20260909-2
S906102,T106472,2026-09-09 14:53:38,1766.00,SETTLED,B20260909-1
S906103,T106473,2026-09-09 08:51:37,375977.50,SETTLED,B20260909-4
S906104,T106474,2026-09-09 18:27:48,12645.07,SETTLED,B20260909-2
S906105,T106475,2026-09-09 16:29:09,351436.41,SETTLED,B20260909-2
S906106,T106476,2026-09-09 22:34:43,252680.16,SETTLED,B20260909-6
S906107,T106477,2026-09-09 08:11:53,194371.96,SETTLED,B20260909-4
S906108,T106478,2026-09-09 15:57:45,537.58,SETTLED,B20260909-4
S906109,T106478,2026-09-09 16:05:45,134.39,SETTLED,B20260909-6
S906110,T106479,2026-09-09 07:42:31,1827.72,SETTLED,B20260909-2
S906111,T106479,2026-09-09 07:51:31,456.93,SETTLED,B20260909-6
S906112,T106480,2026-09-09 21:53:12,16026.38,SETTLED,B20260909-1
S906113,T106480,2026-09-09 22:02:12,4006.59,SETTLED,B20260909-5
S906114,T106481,2026-09-09 19:55:02,1899.90,SETTLED,B20260909-3
S906115,T106482,2026-09-09 15:15:15,95245.57,SETTLED,B20260909-4
S906116,T106483,2026-09-09 22:12:30,6084.28,SETTLED,B20260909-6
S906117,T106484,2026-09-09 18:41:47,31607.98,SETTLED,B20260909-3
S906118,T106485,2026-09-09 23:02:02,19612.59,SETTLED,B20260909-4
S906119,T106486,2026-09-09 10:50:37,2444.98,SETTLED,B20260909-2
S906120,T106487,2026-09-09 14:12:24,22566.94,SETTLED,B20260909-1
S906121,T106488,2026-09-09 14:40:57,44401.38,SETTLED,B20260909-6
S906122,T106488,2026-09-09 14:41:57,11100.35,SETTLED,B20260909-2
S906123,T106489,2026-09-09 07:08:00,26521.13,SETTLED,B20260909-2
S906124,T106490,2026-09-09 08:17:00,354137.45,SETTLED,B20260909-6
S906125,T106491,2026-09-09 16:18:44,51698.41,SETTLED,B20260909-5
S906126,T106492,2026-09-09 13:30:20,3949.30,SETTLED,B20260909-5
S906127,T106493,2026-09-09 07:50:32,57244.78,SETTLED,B20260909-5
S906128,T106494,2026-09-09 16:45:34,289484.40,SETTLED,B20260909-3
S906129,T106495,2026-09-09 18:54:04,92383.84,SETTLED,B20260909-4
S906130,T106496,2026-09-09 07:51:25,9145.34,PENDING,B20260909-5
S906131,T106497,2026-09-09 20:13:33,433.94,SETTLED,B20260909-1
S906132,T106498,2026-09-09 15:52:44,17926.85,SETTLED,B20260909-6
S906133,T106499,2026-09-09 07:20:44,2829.70,SETTLED,B20260909-6
S906134,T106500,2026-09-09 11:38:24,257032.04,SETTLED,B20260909-4
S906135,T106501,2026-09-09 17:43:26,3942.30,SETTLED,B20260909-3
S906136,T106502,2026-09-09 08:56:44,2620.20,SETTLED,B20260909-6
S906137,T106503,2026-09-09 09:12:09,283371.25,SETTLED,B20260909-2
S906138,T106504,2026-09-09 13:19:49,28198.33,SETTLED,B20260909-3
S906139,T106505,2026-09-09 19:33:17,1769.04,SETTLED,B20260909-6
S906140,T106506,2026-09-09 22:32:00,308257.37,SETTLED,B20260909-1
S906141,T106507,2026-09-09 09:15:00,215015.58,SETTLED,B20260909-5
S906142,T106508,2026-09-09 14:05:06,21514.48,SETTLED,B20260909-2
S906143,T106509,2026-09-09 18:17:06,1717.75,SETTLED,B20260909-5
S906144,T106510,2026-09-09 20:07:40,1788.32,SETTLED,B20260909-3
S906145,T106510,2026-09-09 20:13:40,447.08,SETTLED,B20260909-3
S906146,T106511,2026-09-09 11:38:56,58789.80,SETTLED,B20260909-4
S906147,T106512,2026-09-09 17:28:46,362636.24,SETTLED,B20260909-1
S906148,T106513,2026-09-09 13:17:56,47857.10,SETTLED,B20260909-6
S906149,T106514,2026-09-09 16:05:57,1651.30,SETTLED,B20260909-5
S906150,T106515,2026-09-09 11:40:57,35393.20,SETTLED,B20260909-2
S906151,T106516,2026-09-09 20:06:10,1722.60,SETTLED,B20260909-5
S906152,T106517,2026-09-09 08:35:13,16505.09,SETTLED,B20260909-4
S906153,T106518,2026-09-09 20:33:41,31644.84,SETTLED,B20260909-5
S906154,T106519,2026-09-09 16:33:56,58368.50,SETTLED,B20260909-2
S906155,T106520,2026-09-09 22:23:59,56648.52,SETTLED,B20260909-6
S906156,T106521,2026-09-09 07:32:40,1383.33,SETTLED,B20260909-4
S906157,T106522,2026-09-09 08:25:08,64142.90,SETTLED,B20260909-2
S906158,T106523,2026-09-09 14:55:03,2896.21,SETTLED,B20260909-2
S906159,T106526,2026-09-09 22:58:32,207080.84,SETTLED,B20260909-1
S906160,T106527,2026-09-09 23:12:49,129378.70,SETTLED,B20260909-4
S906161,T106528,2026-09-09 06:27:03,37314.84,SETTLED,B20260909-4
S906162,T106529,2026-09-09 17:09:59,209395.97,SETTLED,B20260909-1
S906163,T106530,2026-09-09 12:40:12,205799.42,SETTLED,B20260909-4
S906164,T106531,2026-09-09 22:19:13,33429.34,SETTLED,B20260909-5
S906165,T106531,2026-09-09 22:31:13,8357.34,SETTLED,B20260909-4
S906166,T106532,2026-09-09 18:22:26,904.85,SETTLED,B20260909-1
S906167,T106533,2026-09-09 08:56:20,821.80,SETTLED,B20260909-5
S906168,T106534,2026-09-09 07:10:29,39233.67,SETTLED,B20260909-6
S906169,T106535,2026-09-09 13:10:01,2332.26,SETTLED,B20260909-2
S906170,T106536,2026-09-09 09:17:00,15872.10,SETTLED,B20260909-6
S906171,T106537,2026-09-09 17:49:52,29332.67,SETTLED,B20260909-3
S906172,T106539,2026-09-09 19:43:45,2419.69,SETTLED,B20260909-6
S906173,T106540,2026-09-09 10:29:08,228573.60,SETTLED,B20260909-4
S906174,T106541,2026-09-09 21:08:29,3828.39,SETTLED,B20260909-2
S906175,T106542,2026-09-09 18:00:34,234287.48,SETTLED,B20260909-2
S906176,T106542,2026-09-09 18:03:34,58571.87,SETTLED,B20260909-4
S906177,T106543,2026-09-09 16:09:18,2259.58,SETTLED,B20260909-5
S906178,T106544,2026-09-09 14:07:14,175116.56,SETTLED,B20260909-5
S906179,T106545,2026-09-09 16:09:54,311846.31,SETTLED,B20260909-6
S906180,T106546,2026-09-09 17:58:25,709.35,SETTLED,B20260909-4
S906181,T106547,2026-09-09 21:14:15,43514.40,SETTLED,B20260909-2
S906182,T106548,2026-09-09 09:12:29,3568.99,SETTLED,B20260909-6
S906183,T106549,2026-09-09 17:45:45,26478.00,SETTLED,B20260909-3
S906184,T106550,2026-09-09 10:33:00,1814.59,SETTLED,B20260909-5
S906185,T106552,2026-09-09 11:03:21,9115.98,SETTLED,B20260909-3
S906186,T106552,2026-09-09 11:13:21,2279.00,SETTLED,B20260909-1
S906187,T106554,2026-09-09 18:20:28,1660.90,SETTLED,B20260909-1
S906188,T106554,2026-09-09 18:32:28,415.23,SETTLED,B20260909-4
S906189,T106555,2026-09-09 16:29:04,226839.21,SETTLED,B20260909-6
S906190,T106556,2026-09-09 20:17:44,302991.96,SETTLED,B20260909-4
S906191,T106557,2026-09-09 17:02:05,3794.31,SETTLED,B20260909-1
S906192,T106558,2026-09-09 18:39:40,27671.21,SETTLED,B20260909-3
S906193,T106559,2026-09-09 10:52:07,57213.18,SETTLED,B20260909-5
S906194,T106560,2026-09-09 08:57:14,328570.59,SETTLED,B20260909-2
S906195,T106561,2026-09-09 17:21:39,23816.57,SETTLED,B20260909-4
S906196,T106562,2026-09-09 07:20:53,2636.19,SETTLED,B20260909-4
S906197,T106563,2026-09-09 14:06:55,41284.43,SETTLED,B20260909-2
S906198,T106564,2026-09-09 21:38:03,86632.37,SETTLED,B20260909-4
S906199,T106565,2026-09-09 22:47:23,2658.01,SETTLED,B20260909-1
S906200,T106567,2026-09-09 15:24:12,239805.26,SETTLED,B20260909-2
S906201,T106568,2026-09-09 19:51:30,306179.76,SETTLED,B20260909-2
S906202,T106569,2026-09-09 20:31:06,4049.90,SETTLED,B20260909-2
S906203,T106570,2026-09-09 20:45:25,359007.57,SETTLED,B20260909-1
S906204,T106571,2026-09-09 16:23:49,2346.78,SETTLED,B20260909-2
S906205,T106572,2026-09-09 11:14:46,57361.71,SETTLED,B20260909-6
S906206,T106573,2026-09-09 14:24:58,95094.21,SETTLED,B20260909-3
S906207,T106574,2026-09-09 07:26:14,317975.42,SETTLED,B20260909-2
S906208,T106575,2026-09-09 18:24:08,85319.09,SETTLED,B20260909-2
S906209,T106576,2026-09-09 11:01:23,78491.01,SETTLED,B20260909-5
S906210,T106577,2026-09-09 16:07:25,136714.19,SETTLED,B20260909-4
S906211,T106578,2026-09-09 22:35:22,1682.89,SETTLED,B20260909-6
S906212,T106579,2026-09-09 15:16:47,11544.78,SETTLED,B20260909-2
S906213,T106580,2026-09-09 19:28:53,73575.01,SETTLED,B20260909-2
S906214,T106581,2026-09-09 15:21:47,52553.56,SETTLED,B20260909-1
S906215,T106582,2026-09-09 06:39:06,233725.48,SETTLED,B20260909-3
S906216,T106585,2026-09-09 21:57:38,8573.22,SETTLED,B20260909-2
S906217,T106586,2026-09-09 08:08:26,83549.37,SETTLED,B20260909-4
S906218,T106587,2026-09-09 14:41:49,47413.40,SETTLED,B20260909-5
S906219,T106588,2026-09-09 16:49:30,1951.22,SETTLED,B20260909-5
S906220,T106589,2026-09-09 22:27:49,2997.63,SETTLED,B20260909-2
S906221,T106590,2026-09-09 15:25:45,2809.72,PENDING,B20260909-4
S906222,T106591,2026-09-09 21:24:14,303494.73,SETTLED,B20260909-2
S906223,T106592,2026-09-09 08:41:14,32173.23,SETTLED,B20260909-4
S906224,T106593,2026-09-09 21:26:43,26783.81,SETTLED,B20260909-2
S906225,T106593,2026-09-09 21:38:43,6695.95,SETTLED,B20260909-1
S906226,T106594,2026-09-09 18:16:07,49557.90,SETTLED,B20260909-2
S906227,T106595,2026-09-09 14:58:24,24192.89,SETTLED,B20260909-2
S906228,T106597,2026-09-09 20:53:29,677.76,SETTLED,B20260909-3
S906229,T106597,2026-09-09 20:57:29,169.44,SETTLED,B20260909-2
S906230,T106599,2026-09-09 19:17:10,182139.82,SETTLED,B20260909-3
S906231,T106599,2026-09-09 19:26:10,45534.96,SETTLED,B20260909-3
S906232,T106600,2026-09-09 15:46:57,392310.16,SETTLED,B20260909-4
S906233,T106601,2026-09-09 19:23:49,1638.25,SETTLED,B20260909-1
S906234,T106602,2026-09-09 10:17:56,29745.90,SETTLED,B20260909-3
S906235,T106603,2026-09-09 12:38:14,284067.13,SETTLED,B20260909-6
S906236,T106604,2026-09-09 19:19:29,1178.97,SETTLED,B20260909-6
S906237,T106605,2026-09-09 19:37:40,398401.89,SETTLED,B20260909-1
S906238,T106606,2026-09-09 17:43:36,372128.29,SETTLED,B20260909-4
S906239,T106607,2026-09-09 14:55:46,1528.74,SETTLED,B20260909-2
S906240,T106607,2026-09-09 15:07:46,382.18,SETTLED,B20260909-6
S906241,T106608,2026-09-09 13:11:39,260783.13,SETTLED,B20260909-6
S906242,T106609,2026-09-09 21:02:10,49902.05,SETTLED,B20260909-4
S906243,T106610,2026-09-09 07:47:24,211924.44,SETTLED,B20260909-2
S906244,T106611,2026-09-09 11:10:39,498.65,SETTLED,B20260909-3
S906245,T106612,2026-09-09 10:01:15,3401.45,SETTLED,B20260909-1
S906246,T106613,2026-09-09 17:26:01,71699.05,SETTLED,B20260909-1
S906247,T106614,2026-09-09 10:21:36,2865.25,SETTLED,B20260909-3
S906248,T106615,2026-09-09 13:34:01,220439.27,SETTLED,B20260909-6
S906249,T106616,2026-09-09 15:42:32,2629.88,SETTLED,B20260909-4
S906250,T106616,2026-09-09 15:45:32,657.47,SETTLED,B20260909-3
S906251,T106617,2026-09-09 07:37:54,59729.81,SETTLED,B20260909-2
S906252,T106618,2026-09-09 11:42:46,40689.41,SETTLED,B20260909-4
S906253,T106619,2026-09-09 12:05:35,45127.58,SETTLED,B20260909-3
S906254,T106621,2026-09-09 15:59:19,6443.90,SETTLED,B20260909-4
S906255,T106622,2026-09-09 21:54:40,67836.36,SETTLED,B20260909-6
S906256,T106622,2026-09-09 22:00:40,16959.09,SETTLED,B20260909-3
S906257,T106623,2026-09-09 17:32:20,21817.67,SETTLED,B20260909-6
S906258,T106624,2026-09-09 13:08:32,11524.69,SETTLED,B20260909-2
S906259,T106625,2026-09-09 09:39:56,141322.58,SETTLED,B20260909-4
S906260,T106626,2026-09-09 16:32:19,20441.32,SETTLED,B20260909-4
S906261,T106627,2026-09-09 07:06:11,101680.23,SETTLED,B20260909-1
S906262,T106629,2026-09-09 16:24:49,14663.11,SETTLED,B20260909-4
S906263,T106631,2026-09-09 09:10:50,314169.40,SETTLED,B20260909-1
S906264,T106632,2026-09-09 10:43:24,181327.80,SETTLED,B20260909-3
S906265,T106633,2026-09-09 23:09:17,260483.91,SETTLED,B20260909-3
S906266,T106634,2026-09-09 13:51:38,212606.58,SETTLED,B20260909-1
S906267,T106635,2026-09-09 11:07:43,229368.97,SETTLED,B20260909-4
S906268,T106636,2026-09-09 11:51:40,2358.40,SETTLED,B20260909-2
S906269,T106637,2026-09-09 18:39:29,3636.81,SETTLED,B20260909-6
S906270,T106638,2026-09-09 17:42:06,394225.40,SETTLED,B20260909-5
S906271,T106639,2026-09-09 14:29:21,35670.69,SETTLED,B20260909-2
S906272,T106640,2026-09-09 22:02:45,130433.95,SETTLED,B20260909-5
S906273,T106641,2026-09-09 22:03:14,45251.32,SETTLED,B20260909-4
S906274,T106641,2026-09-09 22:04:14,11312.83,SETTLED,B20260909-2
S906275,T106642,2026-09-09 08:06:44,53261.51,SETTLED,B20260909-1
S906276,T106643,2026-09-09 08:04:16,241989.11,SETTLED,B20260909-6
S906277,T106644,2026-09-09 13:53:37,1156.74,SETTLED,B20260909-2
S906278,T106645,2026-09-09 18:37:47,1282.40,SETTLED,B20260909-6
S906279,T106645,2026-09-09 18:48:47,320.60,SETTLED,B20260909-5
S906280,T106647,2026-09-09 08:20:41,336.55,SETTLED,B20260909-3
S906281,T106648,2026-09-09 14:54:06,206749.42,SETTLED,B20260909-2
S906282,T106648,2026-09-09 15:01:06,51687.35,SETTLED,B20260909-4
S906283,T106649,2026-09-09 10:33:22,8396.83,SETTLED,B20260909-6
S906284,T106650,2026-09-09 13:59:41,3585.15,SETTLED,B20260909-3
S906285,T106651,2026-09-09 20:51:25,3432.05,SETTLED,B20260909-2
S906286,T106652,2026-09-09 09:05:05,1620.14,SETTLED,B20260909-4
S906287,T106654,2026-09-09 20:26:14,3657.00,SETTLED,B20260909-5
S906288,T106655,2026-09-09 11:12:07,3052.49,SETTLED,B20260909-3
S906289,T106656,2026-09-09 12:03:02,955.36,SETTLED,B20260909-5
S906290,T106657,2026-09-09 12:42:42,998.13,SETTLED,B20260909-4
S906291,T106658,2026-09-09 20:47:49,5409.82,SETTLED,B20260909-3
S906292,T106659,2026-09-09 16:43:06,25573.63,SETTLED,B20260909-1
S906293,T106661,2026-09-09 17:16:09,2860.19,SETTLED,B20260909-6
S906294,T106662,2026-09-09 16:54:12,118623.45,SETTLED,B20260909-1
S906295,T106663,2026-09-09 20:20:41,255179.11,SETTLED,B20260909-6
S906296,T106663,2026-09-09 20:30:41,63794.78,SETTLED,B20260909-6
S906297,T106664,2026-09-09 16:46:25,38211.09,SETTLED,B20260909-4
S906298,T106664,2026-09-09 16:49:25,9552.77,SETTLED,B20260909-4
S906299,T106667,2026-09-09 10:34:19,7313.44,SETTLED,B20260909-5
S906300,T106668,2026-09-09 17:23:03,37758.74,SETTLED,B20260909-3
S906301,T106669,2026-09-09 22:30:09,3334.95,SETTLED,B20260909-6
S906302,T106670,2026-09-09 14:20:13,381732.62,SETTLED,B20260909-5
S906303,T106671,2026-09-09 15:58:34,168135.93,SETTLED,B20260909-1
S906304,T106673,2026-09-09 19:08:06,2226.09,SETTLED,B20260909-3
S906305,T106674,2026-09-09 15:04:27,301485.46,SETTLED,B20260909-6
S906306,T106675,2026-09-09 12:49:52,19517.88,SETTLED,B20260909-3
S906307,T106676,2026-09-09 18:20:10,2781.59,SETTLED,B20260909-3
S906308,T106677,2026-09-09 14:23:39,1733.98,SETTLED,B20260909-2
S906309,T106677,2026-09-09 14:26:39,433.49,SETTLED,B20260909-2
S906310,T106678,2026-09-09 08:34:09,1586.51,SETTLED,B20260909-5
S906311,T106679,2026-09-09 22:33:20,136954.29,SETTLED,B20260909-3
S906312,T106681,2026-09-09 11:51:43,28167.16,SETTLED,B20260909-6
S906313,T106682,2026-09-09 12:02:41,37200.61,SETTLED,B20260909-2
S906314,T106683,2026-09-09 08:06:23,80962.36,SETTLED,B20260909-3
S906315,T106684,2026-09-09 13:32:38,116733.10,SETTLED,B20260909-1
S906316,T106685,2026-09-09 16:06:39,383759.92,SETTLED,B20260909-2
S906317,T106686,2026-09-09 13:13:52,47828.61,SETTLED,B20260909-1
S906318,T106687,2026-09-09 18:27:58,242563.73,SETTLED,B20260909-1
S906319,T106688,2026-09-09 16:03:52,13285.43,SETTLED,B20260909-1
S906320,T106688,2026-09-09 16:11:52,3321.36,SETTLED,B20260909-3
S906321,T106689,2026-09-09 19:16:38,1619.85,SETTLED,B20260909-4
S906322,T106690,2026-09-09 23:12:01,157115.87,SETTLED,B20260909-1
S906323,T106691,2026-09-09 22:32:16,540.07,SETTLED,B20260909-4
S906324,T106692,2026-09-09 23:57:08,4289.75,SETTLED,B20260909-5
S906325,T106693,2026-09-09 06:55:16,216.51,SETTLED,B20260909-3
S906326,T106694,2026-09-09 11:40:43,1372.19,SETTLED,B20260909-3
S906327,T106696,2026-09-09 17:51:41,1588.81,SETTLED,B20260909-3
S906328,T106697,2026-09-09 17:05:53,183529.37,SETTLED,B20260909-4
S906329,T106697,2026-09-09 17:07:53,45882.34,SETTLED,B20260909-4
S906330,T106698,2026-09-09 23:06:57,347354.49,SETTLED,B20260909-6
S906331,T106699,2026-09-09 13:35:07,2896.26,SETTLED,B20260909-6
S906332,T106700,2026-09-09 06:36:26,51356.64,SETTLED,B20260909-5
S906333,T106701,2026-09-09 10:53:46,11126.37,SETTLED,B20260909-2
S906334,T106702,2026-09-09 18:43:47,124616.38,SETTLED,B20260909-2
S906335,T106703,2026-09-09 17:58:50,25310.06,SETTLED,B20260909-3
S906336,T106704,2026-09-09 19:52:33,311387.80,SETTLED,B20260909-5
S906337,T106705,2026-09-09 09:56:12,1018.66,SETTLED,B20260909-1
S906338,T106705,2026-09-09 10:00:12,254.67,SETTLED,B20260909-1
S906339,T106706,2026-09-09 14:49:59,3614.67,SETTLED,B20260909-6
S906340,T106707,2026-09-09 06:38:15,11699.76,SETTLED,B20260909-3
S906341,T106708,2026-09-09 18:29:22,394393.02,SETTLED,B20260909-3
S906342,T106709,2026-09-09 15:55:05,183.37,SETTLED,B20260909-6
S906343,T106710,2026-09-09 18:13:03,98702.19,SETTLED,B20260909-6
S906344,T106711,2026-09-09 20:14:57,53882.65,SETTLED,B20260909-3
S906345,T106712,2026-09-09 16:38:28,2701.34,SETTLED,B20260909-4
S906346,T106712,2026-09-09 16:38:28,675.33,SETTLED,B20260909-6
S906347,T106713,2026-09-09 19:28:35,3040.44,SETTLED,B20260909-1
S906348,T106714,2026-09-09 18:36:30,180796.95,SETTLED,B20260909-1
S906349,T106715,2026-09-09 20:26:13,30163.18,SETTLED,B20260909-6
S906350,T106717,2026-09-09 22:27:25,423.73,SETTLED,B20260909-4
S906351,T106718,2026-09-09 18:05:46,186732.60,SETTLED,B20260909-3
S906352,T106719,2026-09-09 19:13:12,136714.97,SETTLED,B20260909-2
S906353,T106721,2026-09-09 10:12:16,52697.13,SETTLED,B20260909-4
S906354,T106722,2026-09-09 09:00:02,20858.95,SETTLED,B20260909-5
S906355,T106723,2026-09-09 20:04:23,707.56,SETTLED,B20260909-2
S906356,T106724,2026-09-09 18:30:10,35135.41,SETTLED,B20260909-6
S906357,T106725,2026-09-09 15:38:23,3598.79,SETTLED,B20260909-6
S906358,T106726,2026-09-09 06:24:44,1101.61,SETTLED,B20260909-3
S906359,T106726,2026-09-09 06:27:44,275.40,SETTLED,B20260909-2
S906360,T106728,2026-09-09 21:31:21,1906.09,SETTLED,B20260909-3
S906361,T106729,2026-09-09 08:54:56,1130.30,SETTLED,B20260909-3
S906362,T106730,2026-09-09 07:54:09,388867.66,SETTLED,B20260909-4
S906363,T106731,2026-09-09 14:53:04,460.16,SETTLED,B20260909-2
S906364,T106732,2026-09-09 15:39:19,386131.09,SETTLED,B20260909-1
S906365,T106733,2026-09-09 15:17:03,49457.20,SETTLED,B20260909-5
S906366,T106734,2026-09-09 17:10:04,94385.02,SETTLED,B20260909-3
S906367,T106734,2026-09-09 17:15:04,23596.25,PENDING,B20260909-5
S906368,T106735,2026-09-09 07:59:41,3717.72,SETTLED,B20260909-6
S906369,T106736,2026-09-09 10:58:53,272105.21,SETTLED,B20260909-3
S906370,T106737,2026-09-09 08:09:51,650.61,SETTLED,B20260909-1
S906371,T106738,2026-09-09 06:41:54,19667.92,SETTLED,B20260909-1
S906372,T106738,2026-09-09 06:48:54,4916.98,SETTLED,B20260909-1
S906373,T106739,2026-09-09 22:30:09,26180.34,SETTLED,B20260909-4
S906374,T106740,2026-09-09 16:12:53,751.38,SETTLED,B20260909-1
S906375,T106741,2026-09-09 12:25:49,160790.67,SETTLED,B20260909-1
S906376,T106741,2026-09-09 12:35:49,40197.67,SETTLED,B20260909-1
S906377,T106742,2026-09-09 09:11:51,48422.09,SETTLED,B20260909-3
S906378,T106743,2026-09-09 21:32:19,2938.73,SETTLED,B20260909-6
S906379,T106744,2026-09-09 12:56:35,33187.02,SETTLED,B20260909-3
S906380,T106745,2026-09-09 16:57:29,1284.58,SETTLED,B20260909-1
S906381,T106745,2026-09-09 17:09:29,321.15,SETTLED,B20260909-5
S906382,T106746,2026-09-09 15:00:30,36996.36,SETTLED,B20260909-1
S906383,T106746,2026-09-09 15:08:30,9249.09,SETTLED,B20260909-5
S906384,T106747,2026-09-09 22:04:40,1863.11,SETTLED,B20260909-2
S906385,T106748,2026-09-09 19:34:57,1358.01,SETTLED,B20260909-4
S906386,T106751,2026-09-09 17:39:51,8361.29,SETTLED,B20260909-4
S906387,T106752,2026-09-09 16:03:02,2391.10,SETTLED,B20260909-1
S906388,T106753,2026-09-09 23:05:50,3007.59,SETTLED,B20260909-5
S906389,T106754,2026-09-09 12:46:17,1820.31,SETTLED,B20260909-3
S906390,T106755,2026-09-09 10:55:23,2591.10,SETTLED,B20260909-4
S906391,T106756,2026-09-09 15:33:26,293465.28,SETTLED,B20260909-2
S906392,T106757,2026-09-09 17:41:57,120393.22,SETTLED,B20260909-6
S906393,T106758,2026-09-09 22:58:21,5839.59,SETTLED,B20260909-5
S906394,T106759,2026-09-09 10:35:00,281498.92,SETTLED,B20260909-5
S906395,T106760,2026-09-09 14:30:44,335814.82,SETTLED,B20260909-6
S906396,T106761,2026-09-09 20:59:47,127911.77,SETTLED,B20260909-3
S906397,T106762,2026-09-09 12:16:13,17744.45,SETTLED,B20260909-5
S906398,T106762,2026-09-09 12:22:13,4436.11,SETTLED,B20260909-4
S906399,T106763,2026-09-09 12:40:21,266121.08,SETTLED,B20260909-1
S906400,T106765,2026-09-09 06:48:26,2984.36,SETTLED,B20260909-6
S906401,T106766,2026-09-09 09:06:19,10580.75,SETTLED,B20260909-1
S906402,T106767,2026-09-09 21:26:30,127889.73,SETTLED,B20260909-5
S906403,T106768,2026-09-09 18:55:02,31341.32,SETTLED,B20260909-2
S906404,T106768,2026-09-09 19:03:02,7835.33,SETTLED,B20260909-4
S906405,T106769,2026-09-09 22:42:32,182354.60,SETTLED,B20260909-4
S906406,T106770,2026-09-09 18:15:38,12172.04,SETTLED,B20260909-2
S906407,T106771,2026-09-09 14:02:56,14904.77,SETTLED,B20260909-2
S906408,T106771,2026-09-09 14:04:56,3726.19,SETTLED,B20260909-2
S906409,T106772,2026-09-09 14:49:06,1368.46,SETTLED,B20260909-4
S906410,T106773,2026-09-09 10:22:34,177652.94,SETTLED,B20260909-1
S906411,T106774,2026-09-09 18:24:12,27147.22,SETTLED,B20260909-1
S906412,T106774,2026-09-09 18:29:12,6786.81,SETTLED,B20260909-1
S906413,T106775,2026-09-09 21:36:24,1100.21,SETTLED,B20260909-6
S906414,T106777,2026-09-09 20:15:20,20615.44,SETTLED,B20260909-4
S906415,T106779,2026-09-09 09:28:31,375695.45,SETTLED,B20260909-1
S906416,T106780,2026-09-09 06:38:42,25608.27,SETTLED,B20260909-3
S906417,T106781,2026-09-09 18:11:59,160852.42,SETTLED,B20260909-4
S906418,T106782,2026-09-09 08:57:54,25308.30,SETTLED,B20260909-1
S906419,T106783,2026-09-09 17:51:52,54063.28,SETTLED,B20260909-4
S906420,T106785,2026-09-09 08:42:25,1562.31,SETTLED,B20260909-3
S906421,T106786,2026-09-09 10:07:44,31292.98,SETTLED,B20260909-6
S906422,T106786,2026-09-09 10:08:44,7823.24,SETTLED,B20260909-1
S906423,T106788,2026-09-09 12:10:25,54539.62,SETTLED,B20260909-2
S906424,T106789,2026-09-09 16:53:32,1437.71,SETTLED,B20260909-1
S906425,T106790,2026-09-09 13:00:47,225726.51,SETTLED,B20260909-4
S906426,T106791,2026-09-09 06:29:10,688.77,SETTLED,B20260909-5
S906427,T106792,2026-09-09 11:30:52,266750.64,SETTLED,B20260909-5
S906428,T106793,2026-09-09 15:22:46,353256.29,SETTLED,B20260909-4
S906429,T106794,2026-09-09 11:14:16,670.64,SETTLED,B20260909-2
S906430,T106795,2026-09-09 06:45:14,379486.07,SETTLED,B20260909-5
S906431,T106796,2026-09-09 18:58:12,24978.80,SETTLED,B20260909-6
S906432,T106797,2026-09-09 06:27:16,1478.01,SETTLED,B20260909-3
S906433,T106798,2026-09-09 22:33:33,2579.07,SETTLED,B20260909-3
S906434,T106799,2026-09-09 14:56:17,45543.94,SETTLED,B20260909-3
S906435,T106800,2026-09-09 11:23:54,13138.68,SETTLED,B20260909-5
S906436,T106801,2026-09-09 06:18:35,2332.33,SETTLED,B20260909-2
S906437,T106801,2026-09-09 06:23:35,583.08,SETTLED,B20260909-3
S906438,T106802,2026-09-09 17:33:03,-139991.75,SETTLED,B20260909-3
S906439,T106803,2026-09-09 09:38:06,3179.02,SETTLED,B20260909-5
S906440,T106803,2026-09-09 09:47:06,-794.76,SETTLED,B20260909-3
S906441,T106804,2026-09-09 11:29:25,662.23,SETTLED,B20260909-3
S906442,T106805,2026-09-09 13:22:16,2718.20,SETTLED,B20260909-2
S906443,T106806,2026-09-09 22:04:27,1296.21,SETTLED,B20260909-6
S906444,T106807,2026-09-09 18:22:25,54339.52,SETTLED,B20260909-6
S906445,T106808,2026-09-09 08:09:17,268.79,SETTLED,B20260909-1
S906446,T106812,2026-09-09 08:24:52,37471.93,SETTLED,B20260909-4
S906447,T106813,2026-09-09 19:57:07,3934.25,SETTLED,B20260909-6
S906448,T106814,2026-09-10 05:51:38,359096.92,SETTLED,B20260910-4
S906449,T106815,2026-09-09 12:48:28,45584.03,SETTLED,B20260909-5
S906450,T106816,2026-09-09 21:29:53,2758.13,SETTLED,B20260909-5
S906451,T106817,2026-09-09 07:07:34,251143.63,SETTLED,B20260909-2
S906452,T106818,2026-09-09 09:46:42,1717.33,SETTLED,B20260909-6
S906453,T106819,2026-09-09 16:54:36,21965.02,PENDING,B20260909-4
S906454,T106820,2026-09-09 17:50:50,338588.65,SETTLED,B20260909-5
S906455,T106822,2026-09-09 11:48:39,100529.02,SETTLED,B20260909-2
S906456,T106823,2026-09-09 13:38:29,950.12,SETTLED,B20260909-6
S906457,T106824,2026-09-09 08:39:32,3039.36,SETTLED,B20260909-4
S906458,T106825,2026-09-09 12:12:28,2726.84,SETTLED,B20260909-3
S906459,T106827,2026-09-09 10:40:30,2531.50,SETTLED,B20260909-4
S906460,T106828,2026-09-09 19:08:09,38988.95,SETTLED,B20260909-2
S906461,T106829,2026-09-09 09:56:29,53061.50,SETTLED,B20260909-4
S906462,T106830,2026-09-10 04:54:18,1402.81,SETTLED,B20260910-1
S906463,T106833,2026-09-09 11:46:35,52537.21,SETTLED,B20260909-4
S906464,T106834,2026-09-09 22:48:44,317784.75,SETTLED,B20260909-5
S906465,T106835,2026-09-09 22:48:18,324786.95,SETTLED,B20260909-6
S906466,T106836,2026-09-09 18:45:43,43702.24,SETTLED,B20260909-1
S906467,T106837,2026-09-09 20:55:00,702.30,SETTLED,B20260909-5
S906468,T106838,2026-09-09 13:55:06,136701.77,SETTLED,B20260909-5
S906469,T106839,2026-09-09 11:25:26,193100.22,SETTLED,B20260909-2
S906470,T106840,2026-09-09 19:02:45,1230.62,SETTLED,B20260909-5
S906471,T106841,2026-09-09 22:46:17,1443.11,SETTLED,B20260909-3
S906472,T106842,2026-09-09 12:55:24,107706.15,SETTLED,B20260909-2
S906473,T106843,2026-09-09 16:28:01,2605.77,SETTLED,B20260909-3
S906474,T106845,2026-09-09 11:46:40,92277.09,SETTLED,B20260909-4
S906475,T106845,2026-09-09 11:54:40,23069.27,SETTLED,B20260909-4
S906476,T106846,2026-09-09 21:36:02,41811.72,SETTLED,B20260909-3
S906477,T106846,2026-09-09 21:46:02,10452.93,SETTLED,B20260909-1
S906478,T106847,2026-09-09 15:34:57,235260.13,SETTLED,B20260909-2
S906479,T106848,2026-09-09 16:59:45,12792.37,SETTLED,B20260909-4
S906480,T106849,2026-09-09 14:55:53,3430.43,SETTLED,B20260909-2
S906481,T106850,2026-09-09 20:40:23,46414.38,SETTLED,B20260909-4
S906482,T106851,2026-09-09 19:17:58,19983.07,SETTLED,B20260909-6
S906483,T106852,2026-09-09 12:21:56,325671.01,SETTLED,B20260909-3
S906484,T106853,2026-09-09 12:42:13,114555.40,SETTLED,B20260909-1
S906485,T106853,2026-09-09 12:47:13,28638.85,SETTLED,B20260909-1
S906486,T106855,2026-09-09 12:45:14,54846.46,SETTLED,B20260909-4
S906487,T106856,2026-09-09 18:04:23,4469.70,SETTLED,B20260909-2
S906488,T106857,2026-09-09 21:02:54,2297.34,SETTLED,B20260909-2
S906489,T106858,2026-09-09 08:50:19,56132.87,SETTLED,B20260909-3
S906490,T106859,2026-09-09 06:53:26,151003.93,SETTLED,B20260909-6
S906491,T106860,2026-09-09 08:22:02,14590.70,SETTLED,B20260909-2
S906492,T106861,2026-09-10 06:08:50,83724.92,SETTLED,B20260910-3
S906493,T106862,2026-09-09 15:17:04,350034.74,SETTLED,B20260909-3
S906494,T106863,2026-09-09 09:36:42,982.45,SETTLED,B20260909-2
S906495,T106864,2026-09-09 16:17:00,25197.37,SETTLED,B20260909-6
S906496,T106865,2026-09-09 08:05:55,1043.03,SETTLED,B20260909-6
S906497,T106866,2026-09-09 20:05:05,167747.32,SETTLED,B20260909-6
S906498,T106867,2026-09-09 10:13:10,389481.61,SETTLED,B20260909-4
S906499,T106868,2026-09-09 22:35:18,2002.23,SETTLED,B20260909-1
S906500,T106869,2026-09-10 02:45:11,2061.17,SETTLED,B20260910-4
S906501,T106870,2026-09-09 17:51:53,110829.43,SETTLED,B20260909-3
S906502,T106872,2026-09-09 20:55:31,319258.66,SETTLED,B20260909-4
S906503,T106874,2026-09-10 02:43:58,450.41,SETTLED,B20260910-5
S906504,T106875,2026-09-09 19:09:39,274131.04,SETTLED,B20260909-1
S906505,T106876,2026-09-09 20:17:24,12195.19,SETTLED,B20260909-4
S906506,T106877,2026-09-09 09:04:25,39400.41,SETTLED,B20260909-2
S906507,T106878,2026-09-09 17:23:47,113838.39,SETTLED,B20260909-6
S906508,T106879,2026-09-09 19:08:40,1076.67,SETTLED,B20260909-2
S906509,T106879,2026-09-09 19:18:40,269.17,SETTLED,B20260909-4
S906510,T106881,2026-09-09 08:21:53,7566.67,SETTLED,B20260909-4
S906511,T106882,2026-09-09 22:03:24,28153.06,SETTLED,B20260909-5
S906512,T106883,2026-09-09 14:28:48,319.22,SETTLED,B20260909-5
S906513,T106884,2026-09-09 23:05:01,8260.34,SETTLED,B20260909-1
S906514,T106885,2026-09-09 12:23:34,1252.90,SETTLED,B20260909-5
S906515,T106886,2026-09-09 06:59:44,158825.01,SETTLED,B20260909-5
S906516,T106887,2026-09-09 09:57:03,210373.15,SETTLED,B20260909-2
S906517,T106890,2026-09-09 09:05:03,269013.32,SETTLED,B20260909-5
S906518,T106892,2026-09-09 10:50:19,921.98,SETTLED,B20260909-6
S906519,T106892,2026-09-09 10:59:19,230.50,SETTLED,B20260909-1
S906520,T106893,2026-09-09 15:04:48,395688.91,SETTLED,B20260909-4
S906521,T106895,2026-09-09 21:19:49,3744.41,SETTLED,B20260909-4
S906522,T106896,2026-09-09 13:22:38,3984.49,SETTLED,B20260909-6
S906523,T106897,2026-09-09 07:24:55,164662.46,SETTLED,B20260909-3
S906524,T106898,2026-09-09 10:38:08,124418.05,SETTLED,B20260909-3
S906525,T106899,2026-09-09 08:02:16,1730.79,SETTLED,B20260909-4
S906526,T106900,2026-09-09 09:37:16,45105.22,PENDING,B20260909-1
S906527,T106901,2026-09-09 19:07:07,3028.16,SETTLED,B20260909-5
S906528,T106902,2026-09-09 13:57:14,52398.13,SETTLED,B20260909-1
S906529,T106903,2026-09-09 09:20:01,3922.80,SETTLED,B20260909-5
S906530,T106904,2026-09-09 11:09:42,47774.49,SETTLED,B20260909-1
S906531,T106905,2026-09-09 16:23:06,206705.96,SETTLED,B20260909-3
S906532,T106906,2026-09-09 17:14:43,55441.07,SETTLED,B20260909-6
S906533,T106907,2026-09-09 14:16:14,1500.81,SETTLED,B20260909-1
S906534,T106907,2026-09-09 14:23:14,375.20,SETTLED,B20260909-1
S906535,T106908,2026-09-09 06:30:01,188382.26,SETTLED,B20260909-2
S906536,T106909,2026-09-09 07:23:50,54990.30,SETTLED,B20260909-2
S906537,T106910,2026-09-09 07:07:16,81281.45,SETTLED,B20260909-5
S906538,T106911,2026-09-09 19:06:27,156053.35,SETTLED,B20260909-2
S906539,T106912,2026-09-09 12:16:03,29249.19,SETTLED,B20260909-3
S906540,T106912,2026-09-09 12:28:03,7312.30,SETTLED,B20260909-5
S906541,T106914,2026-09-09 11:32:40,2647.23,SETTLED,B20260909-3
S906542,T106915,2026-09-09 09:34:42,1132.16,SETTLED,B20260909-1
S906543,T106916,2026-09-09 08:40:49,3975.80,SETTLED,B20260909-2
S906544,T106919,2026-09-09 18:35:18,126678.47,SETTLED,B20260909-1
S906545,T106920,2026-09-09 09:45:00,6833.52,SETTLED,B20260909-3
S906546,T106921,2026-09-09 22:48:13,11542.81,SETTLED,B20260909-2
S906547,T106922,2026-09-09 15:14:16,1227.31,SETTLED,B20260909-5
S906548,T106924,2026-09-09 21:13:05,8631.56,SETTLED,B20260909-3
S906549,T106925,2026-09-09 16:08:49,319713.96,SETTLED,B20260909-3
S906550,T106926,2026-09-09 06:28:10,38444.40,SETTLED,B20260909-4
S906551,T106927,2026-09-09 20:20:42,120630.02,SETTLED,B20260909-6
S906552,T106928,2026-09-09 17:48:26,38676.78,SETTLED,B20260909-6
S906553,T106929,2026-09-10 00:28:18,209857.56,SETTLED,B20260910-4
S906554,T106930,2026-09-09 21:34:16,40614.80,SETTLED,B20260909-4
S906555,T106933,2026-09-09 15:56:26,1169.12,SETTLED,B20260909-1
S906556,T106934,2026-09-09 13:34:36,3617.14,SETTLED,B20260909-3
S906557,T106935,2026-09-09 10:12:43,2995.86,SETTLED,B20260909-6
S906558,T106936,2026-09-09 21:19:46,24946.95,SETTLED,B20260909-6
S906559,T106937,2026-09-09 22:43:55,3593.60,SETTLED,B20260909-1
S906560,T106938,2026-09-09 11:19:46,383234.50,SETTLED,B20260909-6
S906561,T106939,2026-09-09 21:55:40,31520.93,SETTLED,B20260909-3
S906562,T106940,2026-09-09 15:35:25,1838.35,SETTLED,B20260909-5
S906563,T106941,2026-09-09 19:02:58,150330.83,SETTLED,B20260909-2
S906564,T106944,2026-09-09 09:40:35,363165.68,SETTLED,B20260909-5
S906565,T106945,2026-09-09 08:38:59,394335.52,SETTLED,B20260909-5
S906566,T106947,2026-09-09 14:58:48,8249.05,SETTLED,B20260909-2
S906567,T106948,2026-09-09 11:20:07,167264.65,SETTLED,B20260909-4
S906568,T106949,2026-09-09 15:14:11,38951.92,SETTLED,B20260909-1
S906569,T106950,2026-09-09 18:35:29,3343.47,SETTLED,B20260909-6
S906570,T106951,2026-09-09 12:42:18,30069.93,SETTLED,B20260909-5
S906571,T106951,2026-09-09 12:50:18,7517.48,PENDING,B20260909-3
S906572,T106952,2026-09-09 14:30:01,273476.84,SETTLED,B20260909-1
S906573,T106953,2026-09-09 12:38:04,1584.89,SETTLED,B20260909-2
S906574,T106953,2026-09-09 12:46:04,396.22,SETTLED,B20260909-3
S906575,T106954,2026-09-09 13:32:52,2557.98,SETTLED,B20260909-2
S906576,T106955,2026-09-09 10:51:15,3967.27,SETTLED,B20260909-1
S906577,T106956,2026-09-09 08:24:35,3029.21,SETTLED,B20260909-6
S906578,T106958,2026-09-09 18:24:18,24757.40,SETTLED,B20260909-1
S906579,T106959,2026-09-09 18:22:02,1457.00,SETTLED,B20260909-3
S906580,T106960,2026-09-09 22:22:29,193316.15,SETTLED,B20260909-5
S906581,T106962,2026-09-09 09:55:28,3746.14,SETTLED,B20260909-6
S906582,T106963,2026-09-09 20:12:12,59148.70,FAILED,B20260909-5
S906583,T106964,2026-09-09 22:23:19,8873.88,SETTLED,B20260909-2
S906584,T106966,2026-09-09 07:50:35,56744.66,SETTLED,B20260909-4
S906585,T106967,2026-09-09 19:12:08,248841.11,SETTLED,B20260909-1
S906586,T106968,2026-09-09 11:14:59,2267.26,SETTLED,B20260909-3
S906587,T106969,2026-09-09 06:30:52,111722.98,SETTLED,B20260909-6
S906588,T106971,2026-09-09 18:34:52,332.22,SETTLED,B20260909-6
S906589,T106973,2026-09-09 20:11:30,380080.68,SETTLED,B20260909-4
S906590,T106975,2026-09-09 09:19:55,1435.19,SETTLED,B20260909-4
S906591,T106976,2026-09-09 18:58:10,784.98,SETTLED,B20260909-2
S906592,T106977,2026-09-09 21:52:59,1089.49,SETTLED,B20260909-3
S906593,T106978,2026-09-09 06:45:59,45664.11,SETTLED,B20260909-2
S906594,T106979,2026-09-09 07:47:44,41271.84,SETTLED,B20260909-5
S906595,T106980,2026-09-09 09:32:40,151.86,SETTLED,B20260909-2
S906596,T106981,2026-09-09 16:19:00,190325.68,PENDING,B20260909-2
S906597,T106982,2026-09-09 08:16:47,365826.13,SETTLED,B20260909-2
S906598,T106983,2026-09-09 14:40:06,296626.13,SETTLED,B20260909-1
S906599,T106984,2026-09-09 07:53:33,194.72,SETTLED,B20260909-3
S906600,T106985,2026-09-09 10:29:52,34191.23,SETTLED,B20260909-6
S906601,T106985,2026-09-09 10:36:52,8547.81,SETTLED,B20260909-6
S906602,T106986,2026-09-09 16:34:16,178457.22,SETTLED,B20260909-4
S906603,T106987,2026-09-09 19:41:41,247423.54,SETTLED,B20260909-5
S906604,T106987,2026-09-09 19:43:41,61855.89,SETTLED,B20260909-3
S906605,T106989,2026-09-09 17:30:03,279954.78,SETTLED,B20260909-5
S906606,T106990,2026-09-09 18:22:31,671.64,SETTLED,B20260909-5
S906607,T106991,2026-09-09 17:38:27,10032.34,SETTLED,B20260909-3
S906608,T106993,2026-09-09 16:26:06,113123.14,SETTLED,B20260909-5
S906609,T106996,2026-09-09 22:55:38,14932.42,SETTLED,B20260909-4
S906610,T106997,2026-09-09 23:18:40,31354.59,SETTLED,B20260909-6
S906611,T106998,2026-09-09 10:54:20,113381.21,SETTLED,B20260909-1
S906612,T106999,2026-09-09 09:02:15,1037.23,SETTLED,B20260909-5
S906613,T106999,2026-09-09 09:07:15,259.31,SETTLED,B20260909-4
S906614,T107000,2026-09-09 10:33:59,386461.65,SETTLED,B20260909-6
S906615,T107001,2026-09-09 21:53:30,369224.65,SETTLED,B20260909-1
S906616,T107002,2026-09-09 07:30:26,30863.06,SETTLED,B20260909-1
S906617,T107003,2026-09-09 13:35:12,1011.02,SETTLED,B20260909-5
S906618,T107004,2026-09-09 22:56:33,20131.90,SETTLED,B20260909-3
S906619,T107006,2026-09-09 19:59:07,23833.09,PENDING,B20260909-1
S906620,T107007,2026-09-09 11:19:45,35388.96,SETTLED,B20260909-6
S906621,T107008,2026-09-09 18:49:49,290281.75,SETTLED,B20260909-6
S906622,T107008,2026-09-09 18:54:49,72570.44,SETTLED,B20260909-6
S906623,T107009,2026-09-09 07:36:18,12799.89,SETTLED,B20260909-5
S906624,T107011,2026-09-09 11:01:29,2993.22,SETTLED,B20260909-3
S906625,T107013,2026-09-09 10:15:51,2330.64,SETTLED,B20260909-3
S906626,T107014,2026-09-09 08:46:47,21014.51,SETTLED,B20260909-6
S906627,T107015,2026-09-09 17:18:43,158348.55,SETTLED,B20260909-3
S906628,T107017,2026-09-09 13:34:52,2465.08,PENDING,B20260909-1
S906629,T107018,2026-09-09 15:27:45,15656.43,SETTLED,B20260909-2
S906630,T107019,2026-09-09 16:33:18,39377.94,SETTLED,B20260909-3
S906631,T107020,2026-09-09 11:56:33,225427.74,SETTLED,B20260909-3
S906632,T107021,2026-09-09 20:49:51,212588.98,SETTLED,B20260909-2
S906633,T107022,2026-09-09 21:41:16,103871.80,SETTLED,B20260909-3
S906634,T107023,2026-09-09 20:41:22,1874.70,FAILED,B20260909-3
S906635,T107023,2026-09-09 20:49:22,468.67,SETTLED,B20260909-4
S906636,T107024,2026-09-09 16:55:36,11441.32,SETTLED,B20260909-3
S906637,T107025,2026-09-09 06:45:20,170691.97,SETTLED,B20260909-2
S906638,T107025,2026-09-09 06:47:20,42672.99,SETTLED,B20260909-5
S906639,T107027,2026-09-09 16:45:22,2467.97,SETTLED,B20260909-2
S906640,T107029,2026-09-09 10:43:38,44163.48,SETTLED,B20260909-5
S906641,T107030,2026-09-09 13:15:44,389643.74,SETTLED,B20260909-2
S906642,T107031,2026-09-09 11:19:54,23111.60,SETTLED,B20260909-1
S906643,T107032,2026-09-09 09:57:58,814.25,FAILED,B20260909-6
S906644,T107032,2026-09-09 10:07:58,203.56,SETTLED,B20260909-5
S906645,T107033,2026-09-09 12:50:23,44531.52,SETTLED,B20260909-6
S906646,T107034,2026-09-09 07:38:42,39701.84,SETTLED,B20260909-2
S906647,T107035,2026-09-09 20:29:52,38052.12,SETTLED,B20260909-4
S906648,T107036,2026-09-09 15:19:10,58425.72,SETTLED,B20260909-6
S906649,T107037,2026-09-09 21:25:38,17880.19,SETTLED,B20260909-1
S906650,T107038,2026-09-09 21:29:06,21577.81,SETTLED,B20260909-6
S906651,T107039,2026-09-09 15:34:57,2022.20,SETTLED,B20260909-1
S906652,T107040,2026-09-09 21:47:32,345798.55,SETTLED,B20260909-4
S906653,T107041,2026-09-09 18:08:02,2264.43,SETTLED,B20260909-2
S906654,T107042,2026-09-09 21:58:57,156578.65,SETTLED,B20260909-5
S906655,T107042,2026-09-09 22:07:57,39144.66,SETTLED,B20260909-6
S906656,T107043,2026-09-09 18:19:29,37571.62,PENDING,B20260909-2
S906657,T107044,2026-09-09 10:05:10,1408.27,SETTLED,B20260909-5
S906658,T107045,2026-09-09 11:55:58,1761.14,SETTLED,B20260909-1
S906659,T107046,2026-09-09 09:52:50,54631.00,SETTLED,B20260909-4
S906660,T107047,2026-09-09 20:03:51,2449.13,SETTLED,B20260909-6
S906661,T107048,2026-09-09 12:55:14,42966.77,SETTLED,B20260909-1
S906662,T107049,2026-09-09 09:44:54,16063.90,PENDING,B20260909-6
S906663,T107050,2026-09-10 00:58:17,9610.63,SETTLED,B20260910-1
S906664,T107051,2026-09-09 12:22:20,319038.77,SETTLED,B20260909-2
S906665,T107052,2026-09-09 18:35:34,2564.36,SETTLED,B20260909-6
S906666,T107053,2026-09-09 13:18:00,3059.09,SETTLED,B20260909-1
S906667,T107054,2026-09-09 10:02:09,306125.74,SETTLED,B20260909-3
S906668,T107055,2026-09-09 17:28:50,146590.65,SETTLED,B20260909-2
S906669,T107056,2026-09-09 12:51:15,2943.78,SETTLED,B20260909-2
S906670,T107057,2026-09-09 18:20:27,1422.71,SETTLED,B20260909-6
S906671,T107058,2026-09-09 07:26:14,340053.47,SETTLED,B20260909-6
S906672,T107059,2026-09-09 15:42:31,2715.30,SETTLED,B20260909-2
S906673,T107060,2026-09-09 13:39:01,232123.11,SETTLED,B20260909-5
S906674,T107062,2026-09-09 09:22:00,206343.81,SETTLED,B20260909-2
S906675,T107064,2026-09-09 17:52:31,18281.61,SETTLED,B20260909-3
S906676,T107065,2026-09-09 09:03:07,2643.24,SETTLED,B20260909-3
S906677,T107066,2026-09-09 20:51:18,325588.61,SETTLED,B20260909-4
S906678,T107067,2026-09-09 17:54:21,10512.07,SETTLED,B20260909-6
S906679,T107068,2026-09-09 11:14:13,41275.90,PENDING,B20260909-2
S906680,T107069,2026-09-09 10:11:44,251543.61,SETTLED,B20260909-1
S906681,T107072,2026-09-09 10:14:39,1544.00,SETTLED,B20260909-5
S906682,T107073,2026-09-09 12:33:42,-3649.03,SETTLED,B20260909-5
S906683,T107074,2026-09-09 10:43:22,18347.64,SETTLED,B20260909-2
S906684,T107074,2026-09-09 10:47:22,4586.91,PENDING,B20260909-2
S906685,T107075,2026-09-09 18:34:45,34782.45,PENDING,B20260909-1
S906686,T107076,2026-09-09 15:06:05,249725.31,SETTLED,B20260909-2
S906687,T107077,2026-09-09 09:47:54,152.12,SETTLED,B20260909-6
S906688,T107077,2026-09-09 09:58:54,38.03,SETTLED,B20260909-1
S906689,T107080,2026-09-09 10:33:48,114507.61,SETTLED,B20260909-5
S906690,T107081,2026-09-09 16:20:32,292661.35,SETTLED,B20260909-4
S906691,T107082,2026-09-09 15:58:45,1101.25,SETTLED,B20260909-4
S906692,T107083,2026-09-09 09:10:38,501.45,SETTLED,B20260909-2
S906693,T107084,2026-09-09 19:36:21,2051.64,SETTLED,B20260909-5
S906694,T107085,2026-09-09 09:31:02,625.76,SETTLED,B20260909-1
S906695,T107087,2026-09-09 07:35:10,2125.74,SETTLED,B20260909-3
S906696,T107088,2026-09-09 20:30:57,41059.14,SETTLED,B20260909-5
S906697,T107088,2026-09-09 20:35:57,10264.79,SETTLED,B20260909-3
S906698,T107089,2026-09-09 10:16:14,351997.20,SETTLED,B20260909-3
S906699,T107091,2026-09-09 19:22:01,83768.68,SETTLED,B20260909-6
S906700,T914523,2026-09-09 15:00:00,17736.24,SETTLED,B20260909-9
S906701,T962635,2026-09-09 10:00:00,12232.39,SETTLED,B20260909-9
S906702,T916978,2026-09-09 11:00:00,13849.94,SETTLED,B20260909-9
S906703,T918471,2026-09-09 19:00:00,19554.56,SETTLED,B20260909-9
